-15,-10,CVEMEQrzr5SNHkaAuRw01YziQss=,uZc71XC70smFduKzxM4Xufuun44=
-15,-15,CVEMEQrzr5SNHkaAuRw01YziQss=,qKTcSaPKbTz4+mYibuc0xfKSTYg=
-14,-14,CVEMEQrzr5SNHkaAuRw01YziQss=,qKTcSaPKbTz4+mYibuc0xfKSTYg=
-14,-15,CVEMEQrzr5SNHkaAuRw01YziQss=,qKTcSaPKbTz4+mYibuc0xfKSTYg=
-15,-6,CVEMEQrzr5SNHkaAuRw01YziQss=,3x2jqAC98SlNeqzkIikIGQP9pG4=
-15,-9,CVEMEQrzr5SNHkaAuRw01YziQss=,uZc71XC70smFduKzxM4Xufuun44=
-14,-7,CVEMEQrzr5SNHkaAuRw01YziQss=,3x2jqAC98SlNeqzkIikIGQP9pG4=
-15,-7,CVEMEQrzr5SNHkaAuRw01YziQss=,3x2jqAC98SlNeqzkIikIGQP9pG4=
-14,-8,CVEMEQrzr5SNHkaAuRw01YziQss=,3x2jqAC98SlNeqzkIikIGQP9pG4=
-15,-8,CVEMEQrzr5SNHkaAuRw01YziQss=,3x2jqAC98SlNeqzkIikIGQP9pG4=
-14,-6,CVEMEQrzr5SNHkaAuRw01YziQss=,3x2jqAC98SlNeqzkIikIGQP9pG4=
-12,-10,CVEMEQrzr5SNHkaAuRw01YziQss=,ojtjvs6Me0h+2ol0A+kbtIf0cHI=
-10,-10,CVEMEQrzr5SNHkaAuRw01YziQss=,ojtjvs6Me0h+2ol0A+kbtIf0cHI=
-11,-10,CVEMEQrzr5SNHkaAuRw01YziQss=,ojtjvs6Me0h+2ol0A+kbtIf0cHI=
-13,-12,A79ITNNdT76c7E3BU4VSsWN9LVE=,uZc71XC70smFduKzxM4Xufuun44=
-12,-11,A79ITNNdT76c7E3BU4VSsWN9LVE=,ojtjvs6Me0h+2ol0A+kbtIf0cHI=
-14,-13,A79ITNNdT76c7E3BU4VSsWN9LVE=,qKTcSaPKbTz4+mYibuc0xfKSTYg=
-11,-11,A79ITNNdT76c7E3BU4VSsWN9LVE=,ojtjvs6Me0h+2ol0A+kbtIf0cHI=
-12,-13,A79ITNNdT76c7E3BU4VSsWN9LVE=,F8L/FE8zGTrpMapY6X22dIYpFx4=
-14,-12,A79ITNNdT76c7E3BU4VSsWN9LVE=,uZc71XC70smFduKzxM4Xufuun44=
-11,-13,A79ITNNdT76c7E3BU4VSsWN9LVE=,F8L/FE8zGTrpMapY6X22dIYpFx4=
-14,-11,A79ITNNdT76c7E3BU4VSsWN9LVE=,uZc71XC70smFduKzxM4Xufuun44=
-12,-9,A79ITNNdT76c7E3BU4VSsWN9LVE=,ojtjvs6Me0h+2ol0A+kbtIf0cHI=
-11,-9,A79ITNNdT76c7E3BU4VSsWN9LVE=,ojtjvs6Me0h+2ol0A+kbtIf0cHI=
-10,-9,A79ITNNdT76c7E3BU4VSsWN9LVE=,ojtjvs6Me0h+2ol0A+kbtIf0cHI=
-13,-6,A79ITNNdT76c7E3BU4VSsWN9LVE=,3x2jqAC98SlNeqzkIikIGQP9pG4=
-12,-6,A79ITNNdT76c7E3BU4VSsWN9LVE=,eO3vGtDmg6naDihHG+D8rXZcYlY=
-12,-8,A79ITNNdT76c7E3BU4VSsWN9LVE=,eO3vGtDmg6naDihHG+D8rXZcYlY=
-11,-8,A79ITNNdT76c7E3BU4VSsWN9LVE=,eO3vGtDmg6naDihHG+D8rXZcYlY=
-10,-8,A79ITNNdT76c7E3BU4VSsWN9LVE=,eO3vGtDmg6naDihHG+D8rXZcYlY=
-13,-8,A79ITNNdT76c7E3BU4VSsWN9LVE=,3x2jqAC98SlNeqzkIikIGQP9pG4=
-12,-12,A79ITNNdT76c7E3BU4VSsWN9LVE=,ojtjvs6Me0h+2ol0A+kbtIf0cHI=
-13,-7,A79ITNNdT76c7E3BU4VSsWN9LVE=,3x2jqAC98SlNeqzkIikIGQP9pG4=
-12,-7,A79ITNNdT76c7E3BU4VSsWN9LVE=,eO3vGtDmg6naDihHG+D8rXZcYlY=
-11,-7,A79ITNNdT76c7E3BU4VSsWN9LVE=,eO3vGtDmg6naDihHG+D8rXZcYlY=
-13,-13,A79ITNNdT76c7E3BU4VSsWN9LVE=,qKTcSaPKbTz4+mYibuc0xfKSTYg=
-13,-9,A79ITNNdT76c7E3BU4VSsWN9LVE=,uZc71XC70smFduKzxM4Xufuun44=
-13,-14,A79ITNNdT76c7E3BU4VSsWN9LVE=,qKTcSaPKbTz4+mYibuc0xfKSTYg=
-14,-9,A79ITNNdT76c7E3BU4VSsWN9LVE=,uZc71XC70smFduKzxM4Xufuun44=
-13,-11,A79ITNNdT76c7E3BU4VSsWN9LVE=,uZc71XC70smFduKzxM4Xufuun44=
-14,-10,A79ITNNdT76c7E3BU4VSsWN9LVE=,uZc71XC70smFduKzxM4Xufuun44=
-13,-10,A79ITNNdT76c7E3BU4VSsWN9LVE=,uZc71XC70smFduKzxM4Xufuun44=
-12,-14,rvAEc/d5/hqwiXTJFuzt6tOwCas=,F8L/FE8zGTrpMapY6X22dIYpFx4=
-11,-14,rvAEc/d5/hqwiXTJFuzt6tOwCas=,F8L/FE8zGTrpMapY6X22dIYpFx4=
-11,-12,rvAEc/d5/hqwiXTJFuzt6tOwCas=,ojtjvs6Me0h+2ol0A+kbtIf0cHI=
-9,-7,rvAEc/d5/hqwiXTJFuzt6tOwCas=,eO3vGtDmg6naDihHG+D8rXZcYlY=
-6,-6,rvAEc/d5/hqwiXTJFuzt6tOwCas=,jG9wT6DDLToHfe4JGHFMt0H+kiY=
-8,-7,rvAEc/d5/hqwiXTJFuzt6tOwCas=,jG9wT6DDLToHfe4JGHFMt0H+kiY=
-9,-8,C5j7JW026MuZTraq899z7OLfQfw=,eO3vGtDmg6naDihHG+D8rXZcYlY=
-10,-7,C5j7JW026MuZTraq899z7OLfQfw=,eO3vGtDmg6naDihHG+D8rXZcYlY=
-7,-7,C5j7JW026MuZTraq899z7OLfQfw=,jG9wT6DDLToHfe4JGHFMt0H+kiY=
-9,-9,C5j7JW026MuZTraq899z7OLfQfw=,ojtjvs6Me0h+2ol0A+kbtIf0cHI=
-8,-8,C5j7JW026MuZTraq899z7OLfQfw=,jG9wT6DDLToHfe4JGHFMt0H+kiY=
-7,-8,C5j7JW026MuZTraq899z7OLfQfw=,jG9wT6DDLToHfe4JGHFMt0H+kiY=
-9,-10,C5j7JW026MuZTraq899z7OLfQfw=,ojtjvs6Me0h+2ol0A+kbtIf0cHI=
-7,-10,C5j7JW026MuZTraq899z7OLfQfw=,cUuEVrd3wguTYHX7xm4fQ4QIA4k=
-8,-10,C5j7JW026MuZTraq899z7OLfQfw=,cUuEVrd3wguTYHX7xm4fQ4QIA4k=
-7,-6,C5j7JW026MuZTraq899z7OLfQfw=,jG9wT6DDLToHfe4JGHFMt0H+kiY=
-7,-9,C5j7JW026MuZTraq899z7OLfQfw=,cUuEVrd3wguTYHX7xm4fQ4QIA4k=
-8,-9,+J6Lms0dCA1C2vohe4BvEl/XSzw=,cUuEVrd3wguTYHX7xm4fQ4QIA4k=
-9,-6,+J6Lms0dCA1C2vohe4BvEl/XSzw=,eO3vGtDmg6naDihHG+D8rXZcYlY=
-9,-5,+J6Lms0dCA1C2vohe4BvEl/XSzw=,eO3vGtDmg6naDihHG+D8rXZcYlY=
-10,-6,+J6Lms0dCA1C2vohe4BvEl/XSzw=,eO3vGtDmg6naDihHG+D8rXZcYlY=
-10,-5,+J6Lms0dCA1C2vohe4BvEl/XSzw=,eO3vGtDmg6naDihHG+D8rXZcYlY=
-8,-6,+J6Lms0dCA1C2vohe4BvEl/XSzw=,jG9wT6DDLToHfe4JGHFMt0H+kiY=
-10,-3,+J6Lms0dCA1C2vohe4BvEl/XSzw=,KXpIEpePt+t/D895thkyChF7NOs=
-10,-4,+J6Lms0dCA1C2vohe4BvEl/XSzw=,KXpIEpePt+t/D895thkyChF7NOs=
-8,-5,u75J9Eiq7Gso4rHRpkxispLJkhg=,jG9wT6DDLToHfe4JGHFMt0H+kiY=
-7,-3,u75J9Eiq7Gso4rHRpkxispLJkhg=,e2peJupwkQAFQ0yFqAGVLjclwiY=
-9,-4,u75J9Eiq7Gso4rHRpkxispLJkhg=,KXpIEpePt+t/D895thkyChF7NOs=
-8,-3,u75J9Eiq7Gso4rHRpkxispLJkhg=,e2peJupwkQAFQ0yFqAGVLjclwiY=
-8,-4,u75J9Eiq7Gso4rHRpkxispLJkhg=,e2peJupwkQAFQ0yFqAGVLjclwiY=
-7,-5,u75J9Eiq7Gso4rHRpkxispLJkhg=,jG9wT6DDLToHfe4JGHFMt0H+kiY=
-4,-9,u75J9Eiq7Gso4rHRpkxispLJkhg=,YXC80OufWoYNO6tM7zDSlKwqs1U=
-4,-10,u75J9Eiq7Gso4rHRpkxispLJkhg=,YXC80OufWoYNO6tM7zDSlKwqs1U=
-3,-9,u75J9Eiq7Gso4rHRpkxispLJkhg=,YXC80OufWoYNO6tM7zDSlKwqs1U=
-7,-4,u75J9Eiq7Gso4rHRpkxispLJkhg=,e2peJupwkQAFQ0yFqAGVLjclwiY=
-6,-7,u75J9Eiq7Gso4rHRpkxispLJkhg=,jG9wT6DDLToHfe4JGHFMt0H+kiY=
-9,-3,1g5OmLTdszMR+ejaPDVwqaNQWO0=,KXpIEpePt+t/D895thkyChF7NOs=
-5,-10,1g5OmLTdszMR+ejaPDVwqaNQWO0=,cUuEVrd3wguTYHX7xm4fQ4QIA4k=
-6,-10,1g5OmLTdszMR+ejaPDVwqaNQWO0=,cUuEVrd3wguTYHX7xm4fQ4QIA4k=
-3,-8,1g5OmLTdszMR+ejaPDVwqaNQWO0=,1XufhIPmNcK5ovKuJnztbXZ1mF4=
-3,-10,1g5OmLTdszMR+ejaPDVwqaNQWO0=,YXC80OufWoYNO6tM7zDSlKwqs1U=
-4,-8,1g5OmLTdszMR+ejaPDVwqaNQWO0=,1XufhIPmNcK5ovKuJnztbXZ1mF4=
-3,-7,1g5OmLTdszMR+ejaPDVwqaNQWO0=,1XufhIPmNcK5ovKuJnztbXZ1mF4=
-6,-9,1g5OmLTdszMR+ejaPDVwqaNQWO0=,cUuEVrd3wguTYHX7xm4fQ4QIA4k=
-4,-7,B2wwTEMhiniJKC/bYYGq4rbrVDM=,1XufhIPmNcK5ovKuJnztbXZ1mF4=
-5,-9,B2wwTEMhiniJKC/bYYGq4rbrVDM=,cUuEVrd3wguTYHX7xm4fQ4QIA4k=
-5,-7,B2wwTEMhiniJKC/bYYGq4rbrVDM=,jG9wT6DDLToHfe4JGHFMt0H+kiY=
-6,-8,B2wwTEMhiniJKC/bYYGq4rbrVDM=,jG9wT6DDLToHfe4JGHFMt0H+kiY=
-5,-8,O8iUqFmtN+PLdisyB7fR9KhjYD8=,jG9wT6DDLToHfe4JGHFMt0H+kiY=
-4,-6,dDW143FhQpta9+cL16b9LSPWhhw=,1XufhIPmNcK5ovKuJnztbXZ1mF4=
-3,-5,dDW143FhQpta9+cL16b9LSPWhhw=,1XufhIPmNcK5ovKuJnztbXZ1mF4=
-3,-6,dDW143FhQpta9+cL16b9LSPWhhw=,1XufhIPmNcK5ovKuJnztbXZ1mF4=
-4,-5,dDW143FhQpta9+cL16b9LSPWhhw=,1XufhIPmNcK5ovKuJnztbXZ1mF4=
-6,-4,dDW143FhQpta9+cL16b9LSPWhhw=,e2peJupwkQAFQ0yFqAGVLjclwiY=
-3,-3,dDW143FhQpta9+cL16b9LSPWhhw=,JmjjWdUFspE9hLxAcISOF/8Jndg=
-5,-5,dDW143FhQpta9+cL16b9LSPWhhw=,jG9wT6DDLToHfe4JGHFMt0H+kiY=
-6,-5,J/RdYmCWQro5bA944lffUi1Jn/w=,jG9wT6DDLToHfe4JGHFMt0H+kiY=
-6,-3,J/RdYmCWQro5bA944lffUi1Jn/w=,e2peJupwkQAFQ0yFqAGVLjclwiY=
-5,-4,J/RdYmCWQro5bA944lffUi1Jn/w=,e2peJupwkQAFQ0yFqAGVLjclwiY=
-5,-6,J/RdYmCWQro5bA944lffUi1Jn/w=,jG9wT6DDLToHfe4JGHFMt0H+kiY=
-3,-4,J/RdYmCWQro5bA944lffUi1Jn/w=,JmjjWdUFspE9hLxAcISOF/8Jndg=
-4,-3,J/RdYmCWQro5bA944lffUi1Jn/w=,JmjjWdUFspE9hLxAcISOF/8Jndg=
-4,-4,J/RdYmCWQro5bA944lffUi1Jn/w=,JmjjWdUFspE9hLxAcISOF/8Jndg=
-10,-11,9JNaN+c5BxdhgnbwKVqiTVek+Mc=,ojtjvs6Me0h+2ol0A+kbtIf0cHI=
-7,-11,9JNaN+c5BxdhgnbwKVqiTVek+Mc=,cUuEVrd3wguTYHX7xm4fQ4QIA4k=
-5,-3,9JNaN+c5BxdhgnbwKVqiTVek+Mc=,e2peJupwkQAFQ0yFqAGVLjclwiY=
-8,-11,9JNaN+c5BxdhgnbwKVqiTVek+Mc=,cUuEVrd3wguTYHX7xm4fQ4QIA4k=
-9,-13,9JNaN+c5BxdhgnbwKVqiTVek+Mc=,F8L/FE8zGTrpMapY6X22dIYpFx4=
-10,-14,9JNaN+c5BxdhgnbwKVqiTVek+Mc=,F8L/FE8zGTrpMapY6X22dIYpFx4=
-9,-14,9JNaN+c5BxdhgnbwKVqiTVek+Mc=,F8L/FE8zGTrpMapY6X22dIYpFx4=
-7,-14,9JNaN+c5BxdhgnbwKVqiTVek+Mc=,e8FGUHlKkfoSEHOEpc7RdRnhfck=
-10,-16,P7E07y2DxTSVoUE0wrFZgTgONcM=,F8L/FE8zGTrpMapY6X22dIYpFx4=
-11,-16,P7E07y2DxTSVoUE0wrFZgTgONcM=,F8L/FE8zGTrpMapY6X22dIYpFx4=
-15,-16,P7E07y2DxTSVoUE0wrFZgTgONcM=,qKTcSaPKbTz4+mYibuc0xfKSTYg=
-9,-12,P7E07y2DxTSVoUE0wrFZgTgONcM=,ojtjvs6Me0h+2ol0A+kbtIf0cHI=
-7,-16,P7E07y2DxTSVoUE0wrFZgTgONcM=,e8FGUHlKkfoSEHOEpc7RdRnhfck=
-10,-12,P7E07y2DxTSVoUE0wrFZgTgONcM=,ojtjvs6Me0h+2ol0A+kbtIf0cHI=
-8,-14,P7E07y2DxTSVoUE0wrFZgTgONcM=,e8FGUHlKkfoSEHOEpc7RdRnhfck=
-6,-11,P7E07y2DxTSVoUE0wrFZgTgONcM=,cUuEVrd3wguTYHX7xm4fQ4QIA4k=
-9,-11,P7E07y2DxTSVoUE0wrFZgTgONcM=,ojtjvs6Me0h+2ol0A+kbtIf0cHI=
-10,-13,P7E07y2DxTSVoUE0wrFZgTgONcM=,F8L/FE8zGTrpMapY6X22dIYpFx4=
-6,-14,P7E07y2DxTSVoUE0wrFZgTgONcM=,e8FGUHlKkfoSEHOEpc7RdRnhfck=
-3,-11,P7E07y2DxTSVoUE0wrFZgTgONcM=,YXC80OufWoYNO6tM7zDSlKwqs1U=
-13,-16,P7E07y2DxTSVoUE0wrFZgTgONcM=,qKTcSaPKbTz4+mYibuc0xfKSTYg=
-4,-11,P7E07y2DxTSVoUE0wrFZgTgONcM=,YXC80OufWoYNO6tM7zDSlKwqs1U=
-12,-16,P7E07y2DxTSVoUE0wrFZgTgONcM=,F8L/FE8zGTrpMapY6X22dIYpFx4=
-8,-16,P7E07y2DxTSVoUE0wrFZgTgONcM=,e8FGUHlKkfoSEHOEpc7RdRnhfck=
-14,-16,GKR1US33Ii8fvAJAvKXE9/jrNe4=,qKTcSaPKbTz4+mYibuc0xfKSTYg=
-3,-14,GKR1US33Ii8fvAJAvKXE9/jrNe4=,4qcsG3fi4a8xXr6p67R02RARAow=
-9,-16,GKR1US33Ii8fvAJAvKXE9/jrNe4=,F8L/FE8zGTrpMapY6X22dIYpFx4=
-5,-11,GKR1US33Ii8fvAJAvKXE9/jrNe4=,cUuEVrd3wguTYHX7xm4fQ4QIA4k=
-5,-16,GKR1US33Ii8fvAJAvKXE9/jrNe4=,e8FGUHlKkfoSEHOEpc7RdRnhfck=
-7,-15,GKR1US33Ii8fvAJAvKXE9/jrNe4=,e8FGUHlKkfoSEHOEpc7RdRnhfck=
-13,-15,GKR1US33Ii8fvAJAvKXE9/jrNe4=,qKTcSaPKbTz4+mYibuc0xfKSTYg=
-4,-12,GKR1US33Ii8fvAJAvKXE9/jrNe4=,YXC80OufWoYNO6tM7zDSlKwqs1U=
-9,-15,GKR1US33Ii8fvAJAvKXE9/jrNe4=,F8L/FE8zGTrpMapY6X22dIYpFx4=
-8,-15,GKR1US33Ii8fvAJAvKXE9/jrNe4=,e8FGUHlKkfoSEHOEpc7RdRnhfck=
-4,-14,GKR1US33Ii8fvAJAvKXE9/jrNe4=,4qcsG3fi4a8xXr6p67R02RARAow=
-3,-13,GKR1US33Ii8fvAJAvKXE9/jrNe4=,4qcsG3fi4a8xXr6p67R02RARAow=
-3,-12,GKR1US33Ii8fvAJAvKXE9/jrNe4=,YXC80OufWoYNO6tM7zDSlKwqs1U=
-10,-15,GKR1US33Ii8fvAJAvKXE9/jrNe4=,F8L/FE8zGTrpMapY6X22dIYpFx4=
-6,-12,GKR1US33Ii8fvAJAvKXE9/jrNe4=,cUuEVrd3wguTYHX7xm4fQ4QIA4k=
-4,-13,GKR1US33Ii8fvAJAvKXE9/jrNe4=,4qcsG3fi4a8xXr6p67R02RARAow=
-5,-12,GKR1US33Ii8fvAJAvKXE9/jrNe4=,cUuEVrd3wguTYHX7xm4fQ4QIA4k=
-11,-15,b1NgXrnTnvt7mtLpWXtKkMQpG2Q=,F8L/FE8zGTrpMapY6X22dIYpFx4=
-12,-15,b1NgXrnTnvt7mtLpWXtKkMQpG2Q=,F8L/FE8zGTrpMapY6X22dIYpFx4=
-7,-12,b1NgXrnTnvt7mtLpWXtKkMQpG2Q=,cUuEVrd3wguTYHX7xm4fQ4QIA4k=
-6,-15,b1NgXrnTnvt7mtLpWXtKkMQpG2Q=,e8FGUHlKkfoSEHOEpc7RdRnhfck=
-6,-13,b1NgXrnTnvt7mtLpWXtKkMQpG2Q=,e8FGUHlKkfoSEHOEpc7RdRnhfck=
-6,-16,b1NgXrnTnvt7mtLpWXtKkMQpG2Q=,e8FGUHlKkfoSEHOEpc7RdRnhfck=
-5,-14,b1NgXrnTnvt7mtLpWXtKkMQpG2Q=,e8FGUHlKkfoSEHOEpc7RdRnhfck=
-8,-12,b1NgXrnTnvt7mtLpWXtKkMQpG2Q=,cUuEVrd3wguTYHX7xm4fQ4QIA4k=
-3,-16,b1NgXrnTnvt7mtLpWXtKkMQpG2Q=,4qcsG3fi4a8xXr6p67R02RARAow=
-5,-13,b1NgXrnTnvt7mtLpWXtKkMQpG2Q=,e8FGUHlKkfoSEHOEpc7RdRnhfck=
-3,-15,b1NgXrnTnvt7mtLpWXtKkMQpG2Q=,4qcsG3fi4a8xXr6p67R02RARAow=
-5,-15,D/QuFQjDR+izurOWS70gNBCTsZY=,e8FGUHlKkfoSEHOEpc7RdRnhfck=
-4,-16,D/QuFQjDR+izurOWS70gNBCTsZY=,4qcsG3fi4a8xXr6p67R02RARAow=
-7,-13,D/QuFQjDR+izurOWS70gNBCTsZY=,e8FGUHlKkfoSEHOEpc7RdRnhfck=
-2,-11,D/QuFQjDR+izurOWS70gNBCTsZY=,YXC80OufWoYNO6tM7zDSlKwqs1U=
-2,-12,D/QuFQjDR+izurOWS70gNBCTsZY=,YXC80OufWoYNO6tM7zDSlKwqs1U=
-1,-12,D/QuFQjDR+izurOWS70gNBCTsZY=,YXC80OufWoYNO6tM7zDSlKwqs1U=
-4,-15,D/QuFQjDR+izurOWS70gNBCTsZY=,4qcsG3fi4a8xXr6p67R02RARAow=
-2,-13,D/QuFQjDR+izurOWS70gNBCTsZY=,4qcsG3fi4a8xXr6p67R02RARAow=
-1,-14,D/QuFQjDR+izurOWS70gNBCTsZY=,4qcsG3fi4a8xXr6p67R02RARAow=
-1,-11,D/QuFQjDR+izurOWS70gNBCTsZY=,YXC80OufWoYNO6tM7zDSlKwqs1U=
-8,-13,D/QuFQjDR+izurOWS70gNBCTsZY=,e8FGUHlKkfoSEHOEpc7RdRnhfck=
-2,-14,D/QuFQjDR+izurOWS70gNBCTsZY=,4qcsG3fi4a8xXr6p67R02RARAow=
-16,-6,yhWQDSjtq4LkpawB31GDVHMVmzI=,3x2jqAC98SlNeqzkIikIGQP9pG4=
-16,-7,yhWQDSjtq4LkpawB31GDVHMVmzI=,3x2jqAC98SlNeqzkIikIGQP9pG4=
-13,-3,yhWQDSjtq4LkpawB31GDVHMVmzI=,kYkV2k1rJGnuJFc2WzU+rpsQbbQ=
-14,-3,yhWQDSjtq4LkpawB31GDVHMVmzI=,kYkV2k1rJGnuJFc2WzU+rpsQbbQ=
-13,-5,yhWQDSjtq4LkpawB31GDVHMVmzI=,3x2jqAC98SlNeqzkIikIGQP9pG4=
-12,-5,yhWQDSjtq4LkpawB31GDVHMVmzI=,eO3vGtDmg6naDihHG+D8rXZcYlY=
-2,-16,yhWQDSjtq4LkpawB31GDVHMVmzI=,4qcsG3fi4a8xXr6p67R02RARAow=
-14,-5,R02WgYxT/BuA18YeVAkDznwCRaw=,3x2jqAC98SlNeqzkIikIGQP9pG4=
-11,-6,R02WgYxT/BuA18YeVAkDznwCRaw=,eO3vGtDmg6naDihHG+D8rXZcYlY=
-1,-13,R02WgYxT/BuA18YeVAkDznwCRaw=,4qcsG3fi4a8xXr6p67R02RARAow=
-2,-15,R02WgYxT/BuA18YeVAkDznwCRaw=,4qcsG3fi4a8xXr6p67R02RARAow=
-1,-16,R02WgYxT/BuA18YeVAkDznwCRaw=,4qcsG3fi4a8xXr6p67R02RARAow=
-12,-3,R02WgYxT/BuA18YeVAkDznwCRaw=,KXpIEpePt+t/D895thkyChF7NOs=
-1,-15,R02WgYxT/BuA18YeVAkDznwCRaw=,4qcsG3fi4a8xXr6p67R02RARAow=
-14,-4,R02WgYxT/BuA18YeVAkDznwCRaw=,kYkV2k1rJGnuJFc2WzU+rpsQbbQ=
-16,-5,R02WgYxT/BuA18YeVAkDznwCRaw=,3x2jqAC98SlNeqzkIikIGQP9pG4=
-11,-5,R02WgYxT/BuA18YeVAkDznwCRaw=,eO3vGtDmg6naDihHG+D8rXZcYlY=
-15,-5,R02WgYxT/BuA18YeVAkDznwCRaw=,3x2jqAC98SlNeqzkIikIGQP9pG4=
-15,-3,R02WgYxT/BuA18YeVAkDznwCRaw=,kYkV2k1rJGnuJFc2WzU+rpsQbbQ=
-12,-4,R02WgYxT/BuA18YeVAkDznwCRaw=,KXpIEpePt+t/D895thkyChF7NOs=
-15,-4,R02WgYxT/BuA18YeVAkDznwCRaw=,kYkV2k1rJGnuJFc2WzU+rpsQbbQ=
-13,-4,R02WgYxT/BuA18YeVAkDznwCRaw=,kYkV2k1rJGnuJFc2WzU+rpsQbbQ=
-11,-3,R02WgYxT/BuA18YeVAkDznwCRaw=,KXpIEpePt+t/D895thkyChF7NOs=
-16,-3,q1lnwEFFsj0ziR3zrvA8YFNVi1c=,kYkV2k1rJGnuJFc2WzU+rpsQbbQ=
-12,-2,q1lnwEFFsj0ziR3zrvA8YFNVi1c=,KXpIEpePt+t/D895thkyChF7NOs=
-16,-4,q1lnwEFFsj0ziR3zrvA8YFNVi1c=,kYkV2k1rJGnuJFc2WzU+rpsQbbQ=
-13,-2,q1lnwEFFsj0ziR3zrvA8YFNVi1c=,kYkV2k1rJGnuJFc2WzU+rpsQbbQ=
-11,-4,q1lnwEFFsj0ziR3zrvA8YFNVi1c=,KXpIEpePt+t/D895thkyChF7NOs=
-14,-2,q1lnwEFFsj0ziR3zrvA8YFNVi1c=,kYkV2k1rJGnuJFc2WzU+rpsQbbQ=
-11,-1,q1lnwEFFsj0ziR3zrvA8YFNVi1c=,KXpIEpePt+t/D895thkyChF7NOs=
-13,-1,q1lnwEFFsj0ziR3zrvA8YFNVi1c=,kYkV2k1rJGnuJFc2WzU+rpsQbbQ=
-11,-2,q1lnwEFFsj0ziR3zrvA8YFNVi1c=,KXpIEpePt+t/D895thkyChF7NOs=
-12,-1,q1lnwEFFsj0ziR3zrvA8YFNVi1c=,KXpIEpePt+t/D895thkyChF7NOs=
-14,-1,q1lnwEFFsj0ziR3zrvA8YFNVi1c=,kYkV2k1rJGnuJFc2WzU+rpsQbbQ=
-15,-1,q1lnwEFFsj0ziR3zrvA8YFNVi1c=,kYkV2k1rJGnuJFc2WzU+rpsQbbQ=
-15,-2,q1lnwEFFsj0ziR3zrvA8YFNVi1c=,kYkV2k1rJGnuJFc2WzU+rpsQbbQ=
-10,-1,dLRP2oZQLM0v+fTsCWiEU1jvImM=,KXpIEpePt+t/D895thkyChF7NOs=
-10,-2,dLRP2oZQLM0v+fTsCWiEU1jvImM=,KXpIEpePt+t/D895thkyChF7NOs=
-8,-2,dLRP2oZQLM0v+fTsCWiEU1jvImM=,e2peJupwkQAFQ0yFqAGVLjclwiY=
-9,-2,dLRP2oZQLM0v+fTsCWiEU1jvImM=,KXpIEpePt+t/D895thkyChF7NOs=
-8,-1,dLRP2oZQLM0v+fTsCWiEU1jvImM=,e2peJupwkQAFQ0yFqAGVLjclwiY=
-9,-1,dLRP2oZQLM0v+fTsCWiEU1jvImM=,KXpIEpePt+t/D895thkyChF7NOs=
-7,-1,dLRP2oZQLM0v+fTsCWiEU1jvImM=,e2peJupwkQAFQ0yFqAGVLjclwiY=
-7,-2,dcHN1GVBjQbvqfGfOFgMb/mWJ8A=,e2peJupwkQAFQ0yFqAGVLjclwiY=
-16,-2,dcHN1GVBjQbvqfGfOFgMb/mWJ8A=,kYkV2k1rJGnuJFc2WzU+rpsQbbQ=
-16,-1,dcHN1GVBjQbvqfGfOFgMb/mWJ8A=,kYkV2k1rJGnuJFc2WzU+rpsQbbQ=
-4,-2,usJDHiuABQnLzH+zwpXIpslF1Ok=,JmjjWdUFspE9hLxAcISOF/8Jndg=
-5,-1,usJDHiuABQnLzH+zwpXIpslF1Ok=,e2peJupwkQAFQ0yFqAGVLjclwiY=
-3,-1,usJDHiuABQnLzH+zwpXIpslF1Ok=,JmjjWdUFspE9hLxAcISOF/8Jndg=
-16,-15,usJDHiuABQnLzH+zwpXIpslF1Ok=,qKTcSaPKbTz4+mYibuc0xfKSTYg=
-16,-16,usJDHiuABQnLzH+zwpXIpslF1Ok=,qKTcSaPKbTz4+mYibuc0xfKSTYg=
-5,-2,usJDHiuABQnLzH+zwpXIpslF1Ok=,e2peJupwkQAFQ0yFqAGVLjclwiY=
-4,-1,usJDHiuABQnLzH+zwpXIpslF1Ok=,JmjjWdUFspE9hLxAcISOF/8Jndg=
-2,-8,usJDHiuABQnLzH+zwpXIpslF1Ok=,1XufhIPmNcK5ovKuJnztbXZ1mF4=
-6,-1,93geWHe2NBgdMbZtzOYr29M3o44=,e2peJupwkQAFQ0yFqAGVLjclwiY=
-6,-2,93geWHe2NBgdMbZtzOYr29M3o44=,e2peJupwkQAFQ0yFqAGVLjclwiY=
-2,-7,93geWHe2NBgdMbZtzOYr29M3o44=,1XufhIPmNcK5ovKuJnztbXZ1mF4=
-2,-10,93geWHe2NBgdMbZtzOYr29M3o44=,YXC80OufWoYNO6tM7zDSlKwqs1U=
-3,-2,93geWHe2NBgdMbZtzOYr29M3o44=,JmjjWdUFspE9hLxAcISOF/8Jndg=
-1,-8,93geWHe2NBgdMbZtzOYr29M3o44=,1XufhIPmNcK5ovKuJnztbXZ1mF4=
-1,-6,93geWHe2NBgdMbZtzOYr29M3o44=,1XufhIPmNcK5ovKuJnztbXZ1mF4=
-2,-6,SXja+rlT/l+Cm+DAgBhNBbP+7Kk=,1XufhIPmNcK5ovKuJnztbXZ1mF4=
-2,-9,SXja+rlT/l+Cm+DAgBhNBbP+7Kk=,YXC80OufWoYNO6tM7zDSlKwqs1U=
-16,-11,SXja+rlT/l+Cm+DAgBhNBbP+7Kk=,uZc71XC70smFduKzxM4Xufuun44=
-16,-8,SXja+rlT/l+Cm+DAgBhNBbP+7Kk=,3x2jqAC98SlNeqzkIikIGQP9pG4=
-1,-7,SXja+rlT/l+Cm+DAgBhNBbP+7Kk=,1XufhIPmNcK5ovKuJnztbXZ1mF4=
-1,-10,H2IV6/HSzhRcQvx9auBQE/bbL/E=,YXC80OufWoYNO6tM7zDSlKwqs1U=
-2,-3,H2IV6/HSzhRcQvx9auBQE/bbL/E=,JmjjWdUFspE9hLxAcISOF/8Jndg=
-1,-1,H2IV6/HSzhRcQvx9auBQE/bbL/E=,JmjjWdUFspE9hLxAcISOF/8Jndg=
-2,-5,H2IV6/HSzhRcQvx9auBQE/bbL/E=,1XufhIPmNcK5ovKuJnztbXZ1mF4=
-16,-13,lrMUQX1VvSGg4PPWV7iEMlho+RM=,qKTcSaPKbTz4+mYibuc0xfKSTYg=
-1,-3,lrMUQX1VvSGg4PPWV7iEMlho+RM=,JmjjWdUFspE9hLxAcISOF/8Jndg=
-1,-9,lrMUQX1VvSGg4PPWV7iEMlho+RM=,YXC80OufWoYNO6tM7zDSlKwqs1U=
-16,-10,lrMUQX1VvSGg4PPWV7iEMlho+RM=,uZc71XC70smFduKzxM4Xufuun44=
-2,-1,lrMUQX1VvSGg4PPWV7iEMlho+RM=,JmjjWdUFspE9hLxAcISOF/8Jndg=
-2,-2,lrMUQX1VvSGg4PPWV7iEMlho+RM=,JmjjWdUFspE9hLxAcISOF/8Jndg=
-15,-14,lrMUQX1VvSGg4PPWV7iEMlho+RM=,qKTcSaPKbTz4+mYibuc0xfKSTYg=
-1,-2,lrMUQX1VvSGg4PPWV7iEMlho+RM=,JmjjWdUFspE9hLxAcISOF/8Jndg=
-15,-13,lrMUQX1VvSGg4PPWV7iEMlho+RM=,qKTcSaPKbTz4+mYibuc0xfKSTYg=
-16,-9,lrMUQX1VvSGg4PPWV7iEMlho+RM=,uZc71XC70smFduKzxM4Xufuun44=
-15,-11,lrMUQX1VvSGg4PPWV7iEMlho+RM=,uZc71XC70smFduKzxM4Xufuun44=
-1,-5,lrMUQX1VvSGg4PPWV7iEMlho+RM=,1XufhIPmNcK5ovKuJnztbXZ1mF4=
-2,-4,lrMUQX1VvSGg4PPWV7iEMlho+RM=,JmjjWdUFspE9hLxAcISOF/8Jndg=
-16,-14,lrMUQX1VvSGg4PPWV7iEMlho+RM=,qKTcSaPKbTz4+mYibuc0xfKSTYg=
-16,-12,ouJl2Y6AV5MUotNviw7Xq4hxvzQ=,uZc71XC70smFduKzxM4Xufuun44=
-1,-4,ouJl2Y6AV5MUotNviw7Xq4hxvzQ=,JmjjWdUFspE9hLxAcISOF/8Jndg=
-15,-12,ouJl2Y6AV5MUotNviw7Xq4hxvzQ=,uZc71XC70smFduKzxM4Xufuun44=
-11,-23,ouJl2Y6AV5MUotNviw7Xq4hxvzQ=,cnII5pTqTHU4tFUD9LzhTo5GxAg=
-10,-20,g3SqTh6A5Oy0KoItZ6n7qWRTw8s=,2ePyD0qWFJJhTEzQ4KQuIONXy5U=
-10,-18,g3SqTh6A5Oy0KoItZ6n7qWRTw8s=,2ePyD0qWFJJhTEzQ4KQuIONXy5U=
-10,-21,g3SqTh6A5Oy0KoItZ6n7qWRTw8s=,cnII5pTqTHU4tFUD9LzhTo5GxAg=
-11,-18,g3SqTh6A5Oy0KoItZ6n7qWRTw8s=,2ePyD0qWFJJhTEzQ4KQuIONXy5U=
-10,-19,g3SqTh6A5Oy0KoItZ6n7qWRTw8s=,2ePyD0qWFJJhTEzQ4KQuIONXy5U=
-2,-22,g3SqTh6A5Oy0KoItZ6n7qWRTw8s=,Dv0pQsOqBI/d8k1juxr6+hg+k/Y=
-9,-20,TJkqMl3ZyLo/v4pFwU9UsqZysS0=,2ePyD0qWFJJhTEzQ4KQuIONXy5U=
-9,-21,TJkqMl3ZyLo/v4pFwU9UsqZysS0=,cnII5pTqTHU4tFUD9LzhTo5GxAg=
-8,-21,TJkqMl3ZyLo/v4pFwU9UsqZysS0=,TC+5FN3a3PwNSujcXBjm0Naewv8=
-9,-19,TJkqMl3ZyLo/v4pFwU9UsqZysS0=,2ePyD0qWFJJhTEzQ4KQuIONXy5U=
-7,-21,TJkqMl3ZyLo/v4pFwU9UsqZysS0=,TC+5FN3a3PwNSujcXBjm0Naewv8=
-10,-22,TJkqMl3ZyLo/v4pFwU9UsqZysS0=,cnII5pTqTHU4tFUD9LzhTo5GxAg=
-7,-20,TJkqMl3ZyLo/v4pFwU9UsqZysS0=,TeMUj1ZbJAnP7QC7jDUh3rUCMTE=
-8,-22,TJkqMl3ZyLo/v4pFwU9UsqZysS0=,TC+5FN3a3PwNSujcXBjm0Naewv8=
-6,-21,vsDeuAqFstqpfsZ8+5vLaUFckWU=,TC+5FN3a3PwNSujcXBjm0Naewv8=
-3,-22,vsDeuAqFstqpfsZ8+5vLaUFckWU=,Dv0pQsOqBI/d8k1juxr6+hg+k/Y=
-7,-22,vsDeuAqFstqpfsZ8+5vLaUFckWU=,TC+5FN3a3PwNSujcXBjm0Naewv8=
-5,-22,vsDeuAqFstqpfsZ8+5vLaUFckWU=,TC+5FN3a3PwNSujcXBjm0Naewv8=
-9,-22,vsDeuAqFstqpfsZ8+5vLaUFckWU=,cnII5pTqTHU4tFUD9LzhTo5GxAg=
-4,-22,vsDeuAqFstqpfsZ8+5vLaUFckWU=,Dv0pQsOqBI/d8k1juxr6+hg+k/Y=
-4,-21,vsDeuAqFstqpfsZ8+5vLaUFckWU=,Dv0pQsOqBI/d8k1juxr6+hg+k/Y=
-8,-20,vsDeuAqFstqpfsZ8+5vLaUFckWU=,TeMUj1ZbJAnP7QC7jDUh3rUCMTE=
-3,-21,vsDeuAqFstqpfsZ8+5vLaUFckWU=,Dv0pQsOqBI/d8k1juxr6+hg+k/Y=
-4,-20,vsDeuAqFstqpfsZ8+5vLaUFckWU=,1m62pZtfPGrCgWWWxRSiUEU/OsA=
-6,-22,O9I79hoYtu8UVlrw66x/uRe4Ohg=,TC+5FN3a3PwNSujcXBjm0Naewv8=
-5,-21,O9I79hoYtu8UVlrw66x/uRe4Ohg=,TC+5FN3a3PwNSujcXBjm0Naewv8=
-8,-19,O9I79hoYtu8UVlrw66x/uRe4Ohg=,TeMUj1ZbJAnP7QC7jDUh3rUCMTE=
-6,-31,O9I79hoYtu8UVlrw66x/uRe4Ohg=,FvrHMDSTCMJcJsUCMWQkKaeidDY=
-7,-31,O9I79hoYtu8UVlrw66x/uRe4Ohg=,FvrHMDSTCMJcJsUCMWQkKaeidDY=
-7,-30,O9I79hoYtu8UVlrw66x/uRe4Ohg=,FvrHMDSTCMJcJsUCMWQkKaeidDY=
-6,-30,O9I79hoYtu8UVlrw66x/uRe4Ohg=,FvrHMDSTCMJcJsUCMWQkKaeidDY=
-5,-19,O9I79hoYtu8UVlrw66x/uRe4Ohg=,TeMUj1ZbJAnP7QC7jDUh3rUCMTE=
-6,-20,O9I79hoYtu8UVlrw66x/uRe4Ohg=,TeMUj1ZbJAnP7QC7jDUh3rUCMTE=
-6,-19,O9I79hoYtu8UVlrw66x/uRe4Ohg=,TeMUj1ZbJAnP7QC7jDUh3rUCMTE=
-5,-20,O9I79hoYtu8UVlrw66x/uRe4Ohg=,TeMUj1ZbJAnP7QC7jDUh3rUCMTE=
-7,-19,O9I79hoYtu8UVlrw66x/uRe4Ohg=,TeMUj1ZbJAnP7QC7jDUh3rUCMTE=
-11,-24,O9I79hoYtu8UVlrw66x/uRe4Ohg=,cnII5pTqTHU4tFUD9LzhTo5GxAg=
-10,-25,O9I79hoYtu8UVlrw66x/uRe4Ohg=,yfZ1tElICh1PDz7bItw4d2u4Qd4=
-11,-25,O9I79hoYtu8UVlrw66x/uRe4Ohg=,yfZ1tElICh1PDz7bItw4d2u4Qd4=
-10,-26,O9I79hoYtu8UVlrw66x/uRe4Ohg=,yfZ1tElICh1PDz7bItw4d2u4Qd4=
-11,-26,O9I79hoYtu8UVlrw66x/uRe4Ohg=,yfZ1tElICh1PDz7bItw4d2u4Qd4=
-10,-27,O9I79hoYtu8UVlrw66x/uRe4Ohg=,yfZ1tElICh1PDz7bItw4d2u4Qd4=
-11,-27,O9I79hoYtu8UVlrw66x/uRe4Ohg=,yfZ1tElICh1PDz7bItw4d2u4Qd4=
-11,-28,O9I79hoYtu8UVlrw66x/uRe4Ohg=,yfZ1tElICh1PDz7bItw4d2u4Qd4=
-10,-28,O9I79hoYtu8UVlrw66x/uRe4Ohg=,yfZ1tElICh1PDz7bItw4d2u4Qd4=
-8,-31,O9I79hoYtu8UVlrw66x/uRe4Ohg=,FvrHMDSTCMJcJsUCMWQkKaeidDY=
-8,-30,O9I79hoYtu8UVlrw66x/uRe4Ohg=,FvrHMDSTCMJcJsUCMWQkKaeidDY=
-3,-20,O9I79hoYtu8UVlrw66x/uRe4Ohg=,1m62pZtfPGrCgWWWxRSiUEU/OsA=
-4,-19,O9I79hoYtu8UVlrw66x/uRe4Ohg=,1m62pZtfPGrCgWWWxRSiUEU/OsA=
-3,-19,O9I79hoYtu8UVlrw66x/uRe4Ohg=,1m62pZtfPGrCgWWWxRSiUEU/OsA=
-5,-31,O9I79hoYtu8UVlrw66x/uRe4Ohg=,FvrHMDSTCMJcJsUCMWQkKaeidDY=
-5,-30,O9I79hoYtu8UVlrw66x/uRe4Ohg=,FvrHMDSTCMJcJsUCMWQkKaeidDY=
-3,-31,O9I79hoYtu8UVlrw66x/uRe4Ohg=,RwQt9QtAKKVyqxucC/xo1QnjELk=
-3,-30,O9I79hoYtu8UVlrw66x/uRe4Ohg=,RwQt9QtAKKVyqxucC/xo1QnjELk=
-2,-31,O9I79hoYtu8UVlrw66x/uRe4Ohg=,RwQt9QtAKKVyqxucC/xo1QnjELk=
-4,-31,O9I79hoYtu8UVlrw66x/uRe4Ohg=,RwQt9QtAKKVyqxucC/xo1QnjELk=
-1,-31,pwR16DDptt2I54cL0Su1Ht2xxCI=,RwQt9QtAKKVyqxucC/xo1QnjELk=
-9,-26,pwR16DDptt2I54cL0Su1Ht2xxCI=,yfZ1tElICh1PDz7bItw4d2u4Qd4=
-9,-27,pwR16DDptt2I54cL0Su1Ht2xxCI=,yfZ1tElICh1PDz7bItw4d2u4Qd4=
-9,-28,pwR16DDptt2I54cL0Su1Ht2xxCI=,yfZ1tElICh1PDz7bItw4d2u4Qd4=
-10,-24,pwR16DDptt2I54cL0Su1Ht2xxCI=,cnII5pTqTHU4tFUD9LzhTo5GxAg=
-8,-23,pwR16DDptt2I54cL0Su1Ht2xxCI=,TC+5FN3a3PwNSujcXBjm0Naewv8=
-9,-25,pwR16DDptt2I54cL0Su1Ht2xxCI=,yfZ1tElICh1PDz7bItw4d2u4Qd4=
-9,-24,pwR16DDptt2I54cL0Su1Ht2xxCI=,cnII5pTqTHU4tFUD9LzhTo5GxAg=
-8,-29,/lzHINWufIKjbiO+w1gMad41nMA=,FvrHMDSTCMJcJsUCMWQkKaeidDY=
-9,-23,/lzHINWufIKjbiO+w1gMad41nMA=,cnII5pTqTHU4tFUD9LzhTo5GxAg=
-8,-24,/lzHINWufIKjbiO+w1gMad41nMA=,TC+5FN3a3PwNSujcXBjm0Naewv8=
-8,-27,/lzHINWufIKjbiO+w1gMad41nMA=,dMwLJDq48vNtqB71kWM94Oz+7Jg=
-10,-23,/lzHINWufIKjbiO+w1gMad41nMA=,cnII5pTqTHU4tFUD9LzhTo5GxAg=
-8,-28,/lzHINWufIKjbiO+w1gMad41nMA=,dMwLJDq48vNtqB71kWM94Oz+7Jg=
-8,-26,/lzHINWufIKjbiO+w1gMad41nMA=,dMwLJDq48vNtqB71kWM94Oz+7Jg=
-7,-29,/lzHINWufIKjbiO+w1gMad41nMA=,FvrHMDSTCMJcJsUCMWQkKaeidDY=
-7,-26,/lzHINWufIKjbiO+w1gMad41nMA=,dMwLJDq48vNtqB71kWM94Oz+7Jg=
-7,-27,/lzHINWufIKjbiO+w1gMad41nMA=,dMwLJDq48vNtqB71kWM94Oz+7Jg=
-7,-23,/lzHINWufIKjbiO+w1gMad41nMA=,TC+5FN3a3PwNSujcXBjm0Naewv8=
-5,-29,/lzHINWufIKjbiO+w1gMad41nMA=,FvrHMDSTCMJcJsUCMWQkKaeidDY=
-2,-23,aYMdPaEL5GOnHkHBhLlE2cTlrRY=,Dv0pQsOqBI/d8k1juxr6+hg+k/Y=
-7,-24,aYMdPaEL5GOnHkHBhLlE2cTlrRY=,TC+5FN3a3PwNSujcXBjm0Naewv8=
-7,-28,aYMdPaEL5GOnHkHBhLlE2cTlrRY=,dMwLJDq48vNtqB71kWM94Oz+7Jg=
-7,-25,aYMdPaEL5GOnHkHBhLlE2cTlrRY=,dMwLJDq48vNtqB71kWM94Oz+7Jg=
-8,-25,aYMdPaEL5GOnHkHBhLlE2cTlrRY=,dMwLJDq48vNtqB71kWM94Oz+7Jg=
-6,-29,aYMdPaEL5GOnHkHBhLlE2cTlrRY=,FvrHMDSTCMJcJsUCMWQkKaeidDY=
-3,-23,aYMdPaEL5GOnHkHBhLlE2cTlrRY=,Dv0pQsOqBI/d8k1juxr6+hg+k/Y=
-3,-25,aYMdPaEL5GOnHkHBhLlE2cTlrRY=,QehTRd28UponBBXqRRp/j75/cPY=
-5,-28,aYMdPaEL5GOnHkHBhLlE2cTlrRY=,dMwLJDq48vNtqB71kWM94Oz+7Jg=
-4,-23,aYMdPaEL5GOnHkHBhLlE2cTlrRY=,Dv0pQsOqBI/d8k1juxr6+hg+k/Y=
-6,-23,aYMdPaEL5GOnHkHBhLlE2cTlrRY=,TC+5FN3a3PwNSujcXBjm0Naewv8=
-1,-21,aYMdPaEL5GOnHkHBhLlE2cTlrRY=,Dv0pQsOqBI/d8k1juxr6+hg+k/Y=
-1,-22,aYMdPaEL5GOnHkHBhLlE2cTlrRY=,Dv0pQsOqBI/d8k1juxr6+hg+k/Y=
-2,-21,7aIZL1Vc2JIqFaEiJ7o7h58ABws=,Dv0pQsOqBI/d8k1juxr6+hg+k/Y=
-4,-26,7aIZL1Vc2JIqFaEiJ7o7h58ABws=,QehTRd28UponBBXqRRp/j75/cPY=
-5,-25,7aIZL1Vc2JIqFaEiJ7o7h58ABws=,dMwLJDq48vNtqB71kWM94Oz+7Jg=
-1,-24,7aIZL1Vc2JIqFaEiJ7o7h58ABws=,Dv0pQsOqBI/d8k1juxr6+hg+k/Y=
-3,-26,/LIUlNm9h+VeAodrc0+daAiYIF8=,QehTRd28UponBBXqRRp/j75/cPY=
-5,-24,/LIUlNm9h+VeAodrc0+daAiYIF8=,TC+5FN3a3PwNSujcXBjm0Naewv8=
-2,-28,/LIUlNm9h+VeAodrc0+daAiYIF8=,QehTRd28UponBBXqRRp/j75/cPY=
-1,-27,/LIUlNm9h+VeAodrc0+daAiYIF8=,QehTRd28UponBBXqRRp/j75/cPY=
-2,-20,/LIUlNm9h+VeAodrc0+daAiYIF8=,1m62pZtfPGrCgWWWxRSiUEU/OsA=
-2,-25,/LIUlNm9h+VeAodrc0+daAiYIF8=,QehTRd28UponBBXqRRp/j75/cPY=
-2,-19,/LIUlNm9h+VeAodrc0+daAiYIF8=,1m62pZtfPGrCgWWWxRSiUEU/OsA=
-1,-28,/LIUlNm9h+VeAodrc0+daAiYIF8=,QehTRd28UponBBXqRRp/j75/cPY=
-1,-25,/LIUlNm9h+VeAodrc0+daAiYIF8=,QehTRd28UponBBXqRRp/j75/cPY=
-1,-29,/LIUlNm9h+VeAodrc0+daAiYIF8=,RwQt9QtAKKVyqxucC/xo1QnjELk=
-4,-29,/LIUlNm9h+VeAodrc0+daAiYIF8=,RwQt9QtAKKVyqxucC/xo1QnjELk=
-1,-20,/LIUlNm9h+VeAodrc0+daAiYIF8=,1m62pZtfPGrCgWWWxRSiUEU/OsA=
-4,-28,/LIUlNm9h+VeAodrc0+daAiYIF8=,QehTRd28UponBBXqRRp/j75/cPY=
-3,-29,/LIUlNm9h+VeAodrc0+daAiYIF8=,RwQt9QtAKKVyqxucC/xo1QnjELk=
-4,-30,/LIUlNm9h+VeAodrc0+daAiYIF8=,RwQt9QtAKKVyqxucC/xo1QnjELk=
-2,-30,p48troPAPsW3gFx3rpA9uZk/FDI=,RwQt9QtAKKVyqxucC/xo1QnjELk=
-2,-27,p48troPAPsW3gFx3rpA9uZk/FDI=,QehTRd28UponBBXqRRp/j75/cPY=
-2,-24,p48troPAPsW3gFx3rpA9uZk/FDI=,Dv0pQsOqBI/d8k1juxr6+hg+k/Y=
-3,-28,p48troPAPsW3gFx3rpA9uZk/FDI=,QehTRd28UponBBXqRRp/j75/cPY=
-1,-19,p48troPAPsW3gFx3rpA9uZk/FDI=,1m62pZtfPGrCgWWWxRSiUEU/OsA=
-2,-29,p48troPAPsW3gFx3rpA9uZk/FDI=,RwQt9QtAKKVyqxucC/xo1QnjELk=
-1,-26,p48troPAPsW3gFx3rpA9uZk/FDI=,QehTRd28UponBBXqRRp/j75/cPY=
-4,-25,p48troPAPsW3gFx3rpA9uZk/FDI=,QehTRd28UponBBXqRRp/j75/cPY=
-2,-26,p48troPAPsW3gFx3rpA9uZk/FDI=,QehTRd28UponBBXqRRp/j75/cPY=
-3,-27,p48troPAPsW3gFx3rpA9uZk/FDI=,QehTRd28UponBBXqRRp/j75/cPY=
-1,-30,p48troPAPsW3gFx3rpA9uZk/FDI=,RwQt9QtAKKVyqxucC/xo1QnjELk=
-4,-27,p48troPAPsW3gFx3rpA9uZk/FDI=,QehTRd28UponBBXqRRp/j75/cPY=
-11,-17,p48troPAPsW3gFx3rpA9uZk/FDI=,2ePyD0qWFJJhTEzQ4KQuIONXy5U=
-6,-28,s53sI5/OvsDTsWbnhkVW/bfwE3E=,dMwLJDq48vNtqB71kWM94Oz+7Jg=
-3,-24,s53sI5/OvsDTsWbnhkVW/bfwE3E=,Dv0pQsOqBI/d8k1juxr6+hg+k/Y=
-6,-27,s53sI5/OvsDTsWbnhkVW/bfwE3E=,dMwLJDq48vNtqB71kWM94Oz+7Jg=
-5,-23,s53sI5/OvsDTsWbnhkVW/bfwE3E=,TC+5FN3a3PwNSujcXBjm0Naewv8=
-6,-26,s53sI5/OvsDTsWbnhkVW/bfwE3E=,dMwLJDq48vNtqB71kWM94Oz+7Jg=
-6,-24,s53sI5/OvsDTsWbnhkVW/bfwE3E=,TC+5FN3a3PwNSujcXBjm0Naewv8=
-1,-23,bpl8FqQjb9BjRc6r0RKQ4JWp+Rc=,Dv0pQsOqBI/d8k1juxr6+hg+k/Y=
-15,-19,bpl8FqQjb9BjRc6r0RKQ4JWp+Rc=,fCH1Ixkn+stQ2OFFmMlZ6N51OeE=
-14,-19,bpl8FqQjb9BjRc6r0RKQ4JWp+Rc=,fCH1Ixkn+stQ2OFFmMlZ6N51OeE=
-15,-18,bpl8FqQjb9BjRc6r0RKQ4JWp+Rc=,fCH1Ixkn+stQ2OFFmMlZ6N51OeE=
-14,-18,bpl8FqQjb9BjRc6r0RKQ4JWp+Rc=,fCH1Ixkn+stQ2OFFmMlZ6N51OeE=
-12,-27,bpl8FqQjb9BjRc6r0RKQ4JWp+Rc=,yfZ1tElICh1PDz7bItw4d2u4Qd4=
-12,-26,bpl8FqQjb9BjRc6r0RKQ4JWp+Rc=,yfZ1tElICh1PDz7bItw4d2u4Qd4=
-15,-24,bpl8FqQjb9BjRc6r0RKQ4JWp+Rc=,I9bxqOwYSo6guzjAOpP+3OhNZCo=
-14,-24,bpl8FqQjb9BjRc6r0RKQ4JWp+Rc=,I9bxqOwYSo6guzjAOpP+3OhNZCo=
-13,-24,bpl8FqQjb9BjRc6r0RKQ4JWp+Rc=,I9bxqOwYSo6guzjAOpP+3OhNZCo=
-16,-23,bpl8FqQjb9BjRc6r0RKQ4JWp+Rc=,I9bxqOwYSo6guzjAOpP+3OhNZCo=
-12,-25,bpl8FqQjb9BjRc6r0RKQ4JWp+Rc=,yfZ1tElICh1PDz7bItw4d2u4Qd4=
-14,-20,bpl8FqQjb9BjRc6r0RKQ4JWp+Rc=,fCH1Ixkn+stQ2OFFmMlZ6N51OeE=
-4,-24,bpl8FqQjb9BjRc6r0RKQ4JWp+Rc=,Dv0pQsOqBI/d8k1juxr6+hg+k/Y=
-13,-20,bpl8FqQjb9BjRc6r0RKQ4JWp+Rc=,fCH1Ixkn+stQ2OFFmMlZ6N51OeE=
-13,-19,usiHI4cTqzuoW3ua85bkJcRUOhY=,fCH1Ixkn+stQ2OFFmMlZ6N51OeE=
-5,-26,usiHI4cTqzuoW3ua85bkJcRUOhY=,dMwLJDq48vNtqB71kWM94Oz+7Jg=
-13,-21,usiHI4cTqzuoW3ua85bkJcRUOhY=,I9bxqOwYSo6guzjAOpP+3OhNZCo=
-12,-20,usiHI4cTqzuoW3ua85bkJcRUOhY=,2ePyD0qWFJJhTEzQ4KQuIONXy5U=
-12,-23,usiHI4cTqzuoW3ua85bkJcRUOhY=,cnII5pTqTHU4tFUD9LzhTo5GxAg=
-16,-22,usiHI4cTqzuoW3ua85bkJcRUOhY=,I9bxqOwYSo6guzjAOpP+3OhNZCo=
-12,-24,usiHI4cTqzuoW3ua85bkJcRUOhY=,cnII5pTqTHU4tFUD9LzhTo5GxAg=
-13,-23,usiHI4cTqzuoW3ua85bkJcRUOhY=,I9bxqOwYSo6guzjAOpP+3OhNZCo=
-14,-23,usiHI4cTqzuoW3ua85bkJcRUOhY=,I9bxqOwYSo6guzjAOpP+3OhNZCo=
-15,-23,usiHI4cTqzuoW3ua85bkJcRUOhY=,I9bxqOwYSo6guzjAOpP+3OhNZCo=
-3,-32,usiHI4cTqzuoW3ua85bkJcRUOhY=,RwQt9QtAKKVyqxucC/xo1QnjELk=
-2,-32,usiHI4cTqzuoW3ua85bkJcRUOhY=,RwQt9QtAKKVyqxucC/xo1QnjELk=
-1,-32,usiHI4cTqzuoW3ua85bkJcRUOhY=,RwQt9QtAKKVyqxucC/xo1QnjELk=
-12,-28,usiHI4cTqzuoW3ua85bkJcRUOhY=,yfZ1tElICh1PDz7bItw4d2u4Qd4=
-4,-32,usiHI4cTqzuoW3ua85bkJcRUOhY=,RwQt9QtAKKVyqxucC/xo1QnjELk=
-7,-32,usiHI4cTqzuoW3ua85bkJcRUOhY=,FvrHMDSTCMJcJsUCMWQkKaeidDY=
-6,-32,usiHI4cTqzuoW3ua85bkJcRUOhY=,FvrHMDSTCMJcJsUCMWQkKaeidDY=
-5,-32,usiHI4cTqzuoW3ua85bkJcRUOhY=,FvrHMDSTCMJcJsUCMWQkKaeidDY=
-11,-22,usiHI4cTqzuoW3ua85bkJcRUOhY=,cnII5pTqTHU4tFUD9LzhTo5GxAg=
-11,-20,usiHI4cTqzuoW3ua85bkJcRUOhY=,2ePyD0qWFJJhTEzQ4KQuIONXy5U=
-16,-18,usiHI4cTqzuoW3ua85bkJcRUOhY=,fCH1Ixkn+stQ2OFFmMlZ6N51OeE=
-11,-19,usiHI4cTqzuoW3ua85bkJcRUOhY=,2ePyD0qWFJJhTEzQ4KQuIONXy5U=
-16,-24,usiHI4cTqzuoW3ua85bkJcRUOhY=,I9bxqOwYSo6guzjAOpP+3OhNZCo=
-8,-32,usiHI4cTqzuoW3ua85bkJcRUOhY=,FvrHMDSTCMJcJsUCMWQkKaeidDY=
-11,-21,usiHI4cTqzuoW3ua85bkJcRUOhY=,cnII5pTqTHU4tFUD9LzhTo5GxAg=
-14,-22,usiHI4cTqzuoW3ua85bkJcRUOhY=,I9bxqOwYSo6guzjAOpP+3OhNZCo=
-12,-22,usiHI4cTqzuoW3ua85bkJcRUOhY=,cnII5pTqTHU4tFUD9LzhTo5GxAg=
-15,-20,usiHI4cTqzuoW3ua85bkJcRUOhY=,fCH1Ixkn+stQ2OFFmMlZ6N51OeE=
-13,-22,usiHI4cTqzuoW3ua85bkJcRUOhY=,I9bxqOwYSo6guzjAOpP+3OhNZCo=
-15,-22,usiHI4cTqzuoW3ua85bkJcRUOhY=,I9bxqOwYSo6guzjAOpP+3OhNZCo=
-16,-20,usiHI4cTqzuoW3ua85bkJcRUOhY=,fCH1Ixkn+stQ2OFFmMlZ6N51OeE=
-16,-21,usiHI4cTqzuoW3ua85bkJcRUOhY=,I9bxqOwYSo6guzjAOpP+3OhNZCo=
-14,-21,usiHI4cTqzuoW3ua85bkJcRUOhY=,I9bxqOwYSo6guzjAOpP+3OhNZCo=
-12,-21,usiHI4cTqzuoW3ua85bkJcRUOhY=,cnII5pTqTHU4tFUD9LzhTo5GxAg=
-16,-19,usiHI4cTqzuoW3ua85bkJcRUOhY=,fCH1Ixkn+stQ2OFFmMlZ6N51OeE=
-15,-17,usiHI4cTqzuoW3ua85bkJcRUOhY=,fCH1Ixkn+stQ2OFFmMlZ6N51OeE=
-14,-17,usiHI4cTqzuoW3ua85bkJcRUOhY=,fCH1Ixkn+stQ2OFFmMlZ6N51OeE=
-16,-17,usiHI4cTqzuoW3ua85bkJcRUOhY=,fCH1Ixkn+stQ2OFFmMlZ6N51OeE=
-12,-17,usiHI4cTqzuoW3ua85bkJcRUOhY=,2ePyD0qWFJJhTEzQ4KQuIONXy5U=
-15,-21,usiHI4cTqzuoW3ua85bkJcRUOhY=,I9bxqOwYSo6guzjAOpP+3OhNZCo=
-12,-19,usiHI4cTqzuoW3ua85bkJcRUOhY=,2ePyD0qWFJJhTEzQ4KQuIONXy5U=
-6,-25,usiHI4cTqzuoW3ua85bkJcRUOhY=,dMwLJDq48vNtqB71kWM94Oz+7Jg=
-5,-27,DL1XGbrVUV+E0U81hvKEmcneX5w=,dMwLJDq48vNtqB71kWM94Oz+7Jg=
-13,-18,DL1XGbrVUV+E0U81hvKEmcneX5w=,fCH1Ixkn+stQ2OFFmMlZ6N51OeE=
-12,-18,DL1XGbrVUV+E0U81hvKEmcneX5w=,2ePyD0qWFJJhTEzQ4KQuIONXy5U=
-9,-18,DL1XGbrVUV+E0U81hvKEmcneX5w=,2ePyD0qWFJJhTEzQ4KQuIONXy5U=
-10,-17,DL1XGbrVUV+E0U81hvKEmcneX5w=,2ePyD0qWFJJhTEzQ4KQuIONXy5U=
-4,-17,DL1XGbrVUV+E0U81hvKEmcneX5w=,1m62pZtfPGrCgWWWxRSiUEU/OsA=
-13,-17,DL1XGbrVUV+E0U81hvKEmcneX5w=,fCH1Ixkn+stQ2OFFmMlZ6N51OeE=
-4,-18,DL1XGbrVUV+E0U81hvKEmcneX5w=,1m62pZtfPGrCgWWWxRSiUEU/OsA=
-6,-17,DL1XGbrVUV+E0U81hvKEmcneX5w=,TeMUj1ZbJAnP7QC7jDUh3rUCMTE=
-9,-17,DL1XGbrVUV+E0U81hvKEmcneX5w=,2ePyD0qWFJJhTEzQ4KQuIONXy5U=
-5,-17,DL1XGbrVUV+E0U81hvKEmcneX5w=,TeMUj1ZbJAnP7QC7jDUh3rUCMTE=
-8,-18,vXZzWiDfD38NNT0D4H+wzuoE5GE=,TeMUj1ZbJAnP7QC7jDUh3rUCMTE=
-6,-18,vXZzWiDfD38NNT0D4H+wzuoE5GE=,TeMUj1ZbJAnP7QC7jDUh3rUCMTE=
-5,-18,vXZzWiDfD38NNT0D4H+wzuoE5GE=,TeMUj1ZbJAnP7QC7jDUh3rUCMTE=
-3,-17,vXZzWiDfD38NNT0D4H+wzuoE5GE=,1m62pZtfPGrCgWWWxRSiUEU/OsA=
-8,-17,vXZzWiDfD38NNT0D4H+wzuoE5GE=,TeMUj1ZbJAnP7QC7jDUh3rUCMTE=
-7,-18,vXZzWiDfD38NNT0D4H+wzuoE5GE=,TeMUj1ZbJAnP7QC7jDUh3rUCMTE=
-1,-18,vXZzWiDfD38NNT0D4H+wzuoE5GE=,1m62pZtfPGrCgWWWxRSiUEU/OsA=
-2,-18,vXZzWiDfD38NNT0D4H+wzuoE5GE=,1m62pZtfPGrCgWWWxRSiUEU/OsA=
-7,-17,vXZzWiDfD38NNT0D4H+wzuoE5GE=,TeMUj1ZbJAnP7QC7jDUh3rUCMTE=
-1,-17,vXZzWiDfD38NNT0D4H+wzuoE5GE=,1m62pZtfPGrCgWWWxRSiUEU/OsA=
-2,-17,vXZzWiDfD38NNT0D4H+wzuoE5GE=,1m62pZtfPGrCgWWWxRSiUEU/OsA=
-3,-18,vXZzWiDfD38NNT0D4H+wzuoE5GE=,1m62pZtfPGrCgWWWxRSiUEU/OsA=
-27,-20,67fccyLFuia+Wac2aif4XsfxqVk=,a027uwZcQIO03AkyxP2V9ZnGWGg=
-26,-20,67fccyLFuia+Wac2aif4XsfxqVk=,a027uwZcQIO03AkyxP2V9ZnGWGg=
-27,-19,67fccyLFuia+Wac2aif4XsfxqVk=,a027uwZcQIO03AkyxP2V9ZnGWGg=
-27,-18,67fccyLFuia+Wac2aif4XsfxqVk=,a027uwZcQIO03AkyxP2V9ZnGWGg=
-26,-19,67fccyLFuia+Wac2aif4XsfxqVk=,a027uwZcQIO03AkyxP2V9ZnGWGg=
-28,-19,67fccyLFuia+Wac2aif4XsfxqVk=,a027uwZcQIO03AkyxP2V9ZnGWGg=
-28,-18,67fccyLFuia+Wac2aif4XsfxqVk=,a027uwZcQIO03AkyxP2V9ZnGWGg=
-28,-20,67fccyLFuia+Wac2aif4XsfxqVk=,a027uwZcQIO03AkyxP2V9ZnGWGg=
-28,-17,67fccyLFuia+Wac2aif4XsfxqVk=,a027uwZcQIO03AkyxP2V9ZnGWGg=
-19,-17,PyfvWAc/UsQ6Kz2gxFTdobjUXF4=,23A+cjiHbX31NfEVDqXS/YP9I2M=
-17,-18,PyfvWAc/UsQ6Kz2gxFTdobjUXF4=,23A+cjiHbX31NfEVDqXS/YP9I2M=
-17,-17,PyfvWAc/UsQ6Kz2gxFTdobjUXF4=,23A+cjiHbX31NfEVDqXS/YP9I2M=
-18,-17,PyfvWAc/UsQ6Kz2gxFTdobjUXF4=,23A+cjiHbX31NfEVDqXS/YP9I2M=
-19,-20,PyfvWAc/UsQ6Kz2gxFTdobjUXF4=,23A+cjiHbX31NfEVDqXS/YP9I2M=
-18,-18,PyfvWAc/UsQ6Kz2gxFTdobjUXF4=,23A+cjiHbX31NfEVDqXS/YP9I2M=
-22,-20,PyfvWAc/UsQ6Kz2gxFTdobjUXF4=,yRJ21kCcr8PX12lUb8ReBTtBYd0=
-20,-17,PyfvWAc/UsQ6Kz2gxFTdobjUXF4=,23A+cjiHbX31NfEVDqXS/YP9I2M=
-20,-20,PyfvWAc/UsQ6Kz2gxFTdobjUXF4=,23A+cjiHbX31NfEVDqXS/YP9I2M=
-27,-17,PyfvWAc/UsQ6Kz2gxFTdobjUXF4=,a027uwZcQIO03AkyxP2V9ZnGWGg=
-18,-20,PyfvWAc/UsQ6Kz2gxFTdobjUXF4=,23A+cjiHbX31NfEVDqXS/YP9I2M=
-25,-20,PyfvWAc/UsQ6Kz2gxFTdobjUXF4=,a027uwZcQIO03AkyxP2V9ZnGWGg=
-21,-17,PyfvWAc/UsQ6Kz2gxFTdobjUXF4=,yRJ21kCcr8PX12lUb8ReBTtBYd0=
-17,-20,PyfvWAc/UsQ6Kz2gxFTdobjUXF4=,23A+cjiHbX31NfEVDqXS/YP9I2M=
-18,-19,PyfvWAc/UsQ6Kz2gxFTdobjUXF4=,23A+cjiHbX31NfEVDqXS/YP9I2M=
-25,-19,PyfvWAc/UsQ6Kz2gxFTdobjUXF4=,a027uwZcQIO03AkyxP2V9ZnGWGg=
-19,-18,PyfvWAc/UsQ6Kz2gxFTdobjUXF4=,23A+cjiHbX31NfEVDqXS/YP9I2M=
-23,-19,PyfvWAc/UsQ6Kz2gxFTdobjUXF4=,yRJ21kCcr8PX12lUb8ReBTtBYd0=
-19,-19,PyfvWAc/UsQ6Kz2gxFTdobjUXF4=,23A+cjiHbX31NfEVDqXS/YP9I2M=
-25,-18,PyfvWAc/UsQ6Kz2gxFTdobjUXF4=,a027uwZcQIO03AkyxP2V9ZnGWGg=
-24,-18,PyfvWAc/UsQ6Kz2gxFTdobjUXF4=,yRJ21kCcr8PX12lUb8ReBTtBYd0=
-22,-17,PyfvWAc/UsQ6Kz2gxFTdobjUXF4=,yRJ21kCcr8PX12lUb8ReBTtBYd0=
-20,-19,PyfvWAc/UsQ6Kz2gxFTdobjUXF4=,23A+cjiHbX31NfEVDqXS/YP9I2M=
-23,-17,PyfvWAc/UsQ6Kz2gxFTdobjUXF4=,yRJ21kCcr8PX12lUb8ReBTtBYd0=
-24,-17,PyfvWAc/UsQ6Kz2gxFTdobjUXF4=,yRJ21kCcr8PX12lUb8ReBTtBYd0=
-23,-20,PyfvWAc/UsQ6Kz2gxFTdobjUXF4=,yRJ21kCcr8PX12lUb8ReBTtBYd0=
-23,-18,PyfvWAc/UsQ6Kz2gxFTdobjUXF4=,yRJ21kCcr8PX12lUb8ReBTtBYd0=
-21,-20,PyfvWAc/UsQ6Kz2gxFTdobjUXF4=,yRJ21kCcr8PX12lUb8ReBTtBYd0=
-25,-17,PyfvWAc/UsQ6Kz2gxFTdobjUXF4=,a027uwZcQIO03AkyxP2V9ZnGWGg=
-21,-19,PyfvWAc/UsQ6Kz2gxFTdobjUXF4=,yRJ21kCcr8PX12lUb8ReBTtBYd0=
-26,-17,PyfvWAc/UsQ6Kz2gxFTdobjUXF4=,a027uwZcQIO03AkyxP2V9ZnGWGg=
-26,-18,PyfvWAc/UsQ6Kz2gxFTdobjUXF4=,a027uwZcQIO03AkyxP2V9ZnGWGg=
-22,-19,PyfvWAc/UsQ6Kz2gxFTdobjUXF4=,yRJ21kCcr8PX12lUb8ReBTtBYd0=
-22,-18,PyfvWAc/UsQ6Kz2gxFTdobjUXF4=,yRJ21kCcr8PX12lUb8ReBTtBYd0=
-17,-19,PyfvWAc/UsQ6Kz2gxFTdobjUXF4=,23A+cjiHbX31NfEVDqXS/YP9I2M=
-21,-18,PyfvWAc/UsQ6Kz2gxFTdobjUXF4=,yRJ21kCcr8PX12lUb8ReBTtBYd0=
-24,-20,PyfvWAc/UsQ6Kz2gxFTdobjUXF4=,yRJ21kCcr8PX12lUb8ReBTtBYd0=
-20,-18,PyfvWAc/UsQ6Kz2gxFTdobjUXF4=,23A+cjiHbX31NfEVDqXS/YP9I2M=
-24,-19,PyfvWAc/UsQ6Kz2gxFTdobjUXF4=,yRJ21kCcr8PX12lUb8ReBTtBYd0=
-27,-6,W7M5bq/f+x86NDJ8FaAjrmJXR6I=,Tc3WDEydtRcyh7Wa0AoNBv3+0hU=
-26,-7,W7M5bq/f+x86NDJ8FaAjrmJXR6I=,Tc3WDEydtRcyh7Wa0AoNBv3+0hU=
-27,-7,W7M5bq/f+x86NDJ8FaAjrmJXR6I=,Tc3WDEydtRcyh7Wa0AoNBv3+0hU=
-26,-6,W7M5bq/f+x86NDJ8FaAjrmJXR6I=,Tc3WDEydtRcyh7Wa0AoNBv3+0hU=
-31,-3,W7M5bq/f+x86NDJ8FaAjrmJXR6I=,+PzLTw9oNDRTf85z2OaeTsHdsqE=
-30,-3,W7M5bq/f+x86NDJ8FaAjrmJXR6I=,+PzLTw9oNDRTf85z2OaeTsHdsqE=
-28,-6,W7M5bq/f+x86NDJ8FaAjrmJXR6I=,Tc3WDEydtRcyh7Wa0AoNBv3+0hU=
-29,-6,W7M5bq/f+x86NDJ8FaAjrmJXR6I=,ZBNLFski8+hu6RQtBRouWzWQXNA=
-28,-7,W7M5bq/f+x86NDJ8FaAjrmJXR6I=,Tc3WDEydtRcyh7Wa0AoNBv3+0hU=
-29,-7,W7M5bq/f+x86NDJ8FaAjrmJXR6I=,ZBNLFski8+hu6RQtBRouWzWQXNA=
-30,-7,W7M5bq/f+x86NDJ8FaAjrmJXR6I=,ZBNLFski8+hu6RQtBRouWzWQXNA=
-31,-7,W7M5bq/f+x86NDJ8FaAjrmJXR6I=,ZBNLFski8+hu6RQtBRouWzWQXNA=
-18,-7,W7M5bq/f+x86NDJ8FaAjrmJXR6I=,SV1UxDVEmHQMSQ8+n8Kb0s5cVpU=
-19,-7,W7M5bq/f+x86NDJ8FaAjrmJXR6I=,SV1UxDVEmHQMSQ8+n8Kb0s5cVpU=
-18,-6,W7M5bq/f+x86NDJ8FaAjrmJXR6I=,SV1UxDVEmHQMSQ8+n8Kb0s5cVpU=
-19,-6,W7M5bq/f+x86NDJ8FaAjrmJXR6I=,SV1UxDVEmHQMSQ8+n8Kb0s5cVpU=
-25,-6,Dx0z0yLgVGrIkiiRTRZdnl4299c=,Tc3WDEydtRcyh7Wa0AoNBv3+0hU=
-25,-7,Dx0z0yLgVGrIkiiRTRZdnl4299c=,Tc3WDEydtRcyh7Wa0AoNBv3+0hU=
-23,-6,Dx0z0yLgVGrIkiiRTRZdnl4299c=,zWiVoXHNNOv6yKsGyhUDSe1z4EA=
-20,-7,Dx0z0yLgVGrIkiiRTRZdnl4299c=,SV1UxDVEmHQMSQ8+n8Kb0s5cVpU=
-20,-6,Dx0z0yLgVGrIkiiRTRZdnl4299c=,SV1UxDVEmHQMSQ8+n8Kb0s5cVpU=
-24,-6,Dx0z0yLgVGrIkiiRTRZdnl4299c=,zWiVoXHNNOv6yKsGyhUDSe1z4EA=
-29,-3,Dx0z0yLgVGrIkiiRTRZdnl4299c=,+PzLTw9oNDRTf85z2OaeTsHdsqE=
-29,-2,Dx0z0yLgVGrIkiiRTRZdnl4299c=,+PzLTw9oNDRTf85z2OaeTsHdsqE=
-30,-6,Dx0z0yLgVGrIkiiRTRZdnl4299c=,ZBNLFski8+hu6RQtBRouWzWQXNA=
-28,-5,Dx0z0yLgVGrIkiiRTRZdnl4299c=,Tc3WDEydtRcyh7Wa0AoNBv3+0hU=
-26,-5,Dx0z0yLgVGrIkiiRTRZdnl4299c=,Tc3WDEydtRcyh7Wa0AoNBv3+0hU=
-28,-3,Dx0z0yLgVGrIkiiRTRZdnl4299c=,7le/HgU5BPKzB+Kp5H3UZoryKK8=
-29,-4,Dx0z0yLgVGrIkiiRTRZdnl4299c=,+PzLTw9oNDRTf85z2OaeTsHdsqE=
-22,-4,Dx0z0yLgVGrIkiiRTRZdnl4299c=,gv1+d7pE2M9uAFnpeThOV3Xcp+Y=
-23,-4,Dx0z0yLgVGrIkiiRTRZdnl4299c=,gv1+d7pE2M9uAFnpeThOV3Xcp+Y=
-23,-5,Dx0z0yLgVGrIkiiRTRZdnl4299c=,zWiVoXHNNOv6yKsGyhUDSe1z4EA=
-24,-5,Dx0z0yLgVGrIkiiRTRZdnl4299c=,zWiVoXHNNOv6yKsGyhUDSe1z4EA=
-27,-5,Dx0z0yLgVGrIkiiRTRZdnl4299c=,Tc3WDEydtRcyh7Wa0AoNBv3+0hU=
-26,-4,Dx0z0yLgVGrIkiiRTRZdnl4299c=,7le/HgU5BPKzB+Kp5H3UZoryKK8=
-30,-4,Dx0z0yLgVGrIkiiRTRZdnl4299c=,+PzLTw9oNDRTf85z2OaeTsHdsqE=
-25,-3,Dx0z0yLgVGrIkiiRTRZdnl4299c=,7le/HgU5BPKzB+Kp5H3UZoryKK8=
-25,-4,Dx0z0yLgVGrIkiiRTRZdnl4299c=,7le/HgU5BPKzB+Kp5H3UZoryKK8=
-29,-5,Dx0z0yLgVGrIkiiRTRZdnl4299c=,ZBNLFski8+hu6RQtBRouWzWQXNA=
-30,-5,Dx0z0yLgVGrIkiiRTRZdnl4299c=,ZBNLFski8+hu6RQtBRouWzWQXNA=
-27,-4,Dx0z0yLgVGrIkiiRTRZdnl4299c=,7le/HgU5BPKzB+Kp5H3UZoryKK8=
-25,-5,Dx0z0yLgVGrIkiiRTRZdnl4299c=,Tc3WDEydtRcyh7Wa0AoNBv3+0hU=
-27,-3,Dx0z0yLgVGrIkiiRTRZdnl4299c=,7le/HgU5BPKzB+Kp5H3UZoryKK8=
-24,-3,Dx0z0yLgVGrIkiiRTRZdnl4299c=,gv1+d7pE2M9uAFnpeThOV3Xcp+Y=
-28,-4,Dx0z0yLgVGrIkiiRTRZdnl4299c=,7le/HgU5BPKzB+Kp5H3UZoryKK8=
-26,-3,lnshnoaIcI9WMQdYNlaS7Z5ZGbI=,7le/HgU5BPKzB+Kp5H3UZoryKK8=
-24,-4,lnshnoaIcI9WMQdYNlaS7Z5ZGbI=,gv1+d7pE2M9uAFnpeThOV3Xcp+Y=
-23,-3,lnshnoaIcI9WMQdYNlaS7Z5ZGbI=,gv1+d7pE2M9uAFnpeThOV3Xcp+Y=
-27,-11,lnshnoaIcI9WMQdYNlaS7Z5ZGbI=,fM5WU+Rji7Ay4OZNFB39GpMhoWc=
-25,-9,lnshnoaIcI9WMQdYNlaS7Z5ZGbI=,fM5WU+Rji7Ay4OZNFB39GpMhoWc=
-26,-9,lnshnoaIcI9WMQdYNlaS7Z5ZGbI=,fM5WU+Rji7Ay4OZNFB39GpMhoWc=
-27,-9,lnshnoaIcI9WMQdYNlaS7Z5ZGbI=,fM5WU+Rji7Ay4OZNFB39GpMhoWc=
-25,-8,lnshnoaIcI9WMQdYNlaS7Z5ZGbI=,Tc3WDEydtRcyh7Wa0AoNBv3+0hU=
-26,-8,lnshnoaIcI9WMQdYNlaS7Z5ZGbI=,Tc3WDEydtRcyh7Wa0AoNBv3+0hU=
-27,-8,lnshnoaIcI9WMQdYNlaS7Z5ZGbI=,Tc3WDEydtRcyh7Wa0AoNBv3+0hU=
-27,-10,lnshnoaIcI9WMQdYNlaS7Z5ZGbI=,fM5WU+Rji7Ay4OZNFB39GpMhoWc=
-26,-10,lnshnoaIcI9WMQdYNlaS7Z5ZGbI=,fM5WU+Rji7Ay4OZNFB39GpMhoWc=
-25,-10,lnshnoaIcI9WMQdYNlaS7Z5ZGbI=,fM5WU+Rji7Ay4OZNFB39GpMhoWc=
-24,-7,lnshnoaIcI9WMQdYNlaS7Z5ZGbI=,zWiVoXHNNOv6yKsGyhUDSe1z4EA=
-24,-9,lnshnoaIcI9WMQdYNlaS7Z5ZGbI=,Wv/TTjIgfO4syfwZVh+qikX7a78=
-24,-8,lnshnoaIcI9WMQdYNlaS7Z5ZGbI=,zWiVoXHNNOv6yKsGyhUDSe1z4EA=
-23,-9,lnshnoaIcI9WMQdYNlaS7Z5ZGbI=,Wv/TTjIgfO4syfwZVh+qikX7a78=
-19,-15,lnshnoaIcI9WMQdYNlaS7Z5ZGbI=,gjGPpJjCo5qsPcp1LG16JEgKlHs=
-18,-15,lnshnoaIcI9WMQdYNlaS7Z5ZGbI=,gjGPpJjCo5qsPcp1LG16JEgKlHs=
-19,-14,lnshnoaIcI9WMQdYNlaS7Z5ZGbI=,gjGPpJjCo5qsPcp1LG16JEgKlHs=
-23,-12,lnshnoaIcI9WMQdYNlaS7Z5ZGbI=,Wv/TTjIgfO4syfwZVh+qikX7a78=
-20,-15,lnshnoaIcI9WMQdYNlaS7Z5ZGbI=,gjGPpJjCo5qsPcp1LG16JEgKlHs=
-22,-12,lnshnoaIcI9WMQdYNlaS7Z5ZGbI=,Wv/TTjIgfO4syfwZVh+qikX7a78=
-20,-14,lnshnoaIcI9WMQdYNlaS7Z5ZGbI=,gjGPpJjCo5qsPcp1LG16JEgKlHs=
-23,-10,lnshnoaIcI9WMQdYNlaS7Z5ZGbI=,Wv/TTjIgfO4syfwZVh+qikX7a78=
-23,-8,lnshnoaIcI9WMQdYNlaS7Z5ZGbI=,zWiVoXHNNOv6yKsGyhUDSe1z4EA=
-24,-10,lnshnoaIcI9WMQdYNlaS7Z5ZGbI=,Wv/TTjIgfO4syfwZVh+qikX7a78=
-23,-7,lnshnoaIcI9WMQdYNlaS7Z5ZGbI=,zWiVoXHNNOv6yKsGyhUDSe1z4EA=
-24,-12,TXmaKA5zrYeg8yExw4/ucako6l8=,Wv/TTjIgfO4syfwZVh+qikX7a78=
-25,-12,TXmaKA5zrYeg8yExw4/ucako6l8=,fM5WU+Rji7Ay4OZNFB39GpMhoWc=
-25,-15,TXmaKA5zrYeg8yExw4/ucako6l8=,/e1GtC5b39GP5vQsYJ7rhmjYcYY=
-20,-8,TXmaKA5zrYeg8yExw4/ucako6l8=,SV1UxDVEmHQMSQ8+n8Kb0s5cVpU=
-20,-13,TXmaKA5zrYeg8yExw4/ucako6l8=,gjGPpJjCo5qsPcp1LG16JEgKlHs=
-19,-13,TXmaKA5zrYeg8yExw4/ucako6l8=,gjGPpJjCo5qsPcp1LG16JEgKlHs=
-20,-11,TXmaKA5zrYeg8yExw4/ucako6l8=,tZ+XXxKwWzOqKMz/FQRseWfs1F8=
-19,-9,TXmaKA5zrYeg8yExw4/ucako6l8=,tZ+XXxKwWzOqKMz/FQRseWfs1F8=
-19,-8,TXmaKA5zrYeg8yExw4/ucako6l8=,SV1UxDVEmHQMSQ8+n8Kb0s5cVpU=
-18,-8,TXmaKA5zrYeg8yExw4/ucako6l8=,SV1UxDVEmHQMSQ8+n8Kb0s5cVpU=
-20,-10,TXmaKA5zrYeg8yExw4/ucako6l8=,tZ+XXxKwWzOqKMz/FQRseWfs1F8=
-19,-10,TXmaKA5zrYeg8yExw4/ucako6l8=,tZ+XXxKwWzOqKMz/FQRseWfs1F8=
-21,-8,TXmaKA5zrYeg8yExw4/ucako6l8=,zWiVoXHNNOv6yKsGyhUDSe1z4EA=
-21,-12,TXmaKA5zrYeg8yExw4/ucako6l8=,Wv/TTjIgfO4syfwZVh+qikX7a78=
-25,-13,TXmaKA5zrYeg8yExw4/ucako6l8=,/e1GtC5b39GP5vQsYJ7rhmjYcYY=
-26,-12,TXmaKA5zrYeg8yExw4/ucako6l8=,fM5WU+Rji7Ay4OZNFB39GpMhoWc=
-26,-13,TXmaKA5zrYeg8yExw4/ucako6l8=,/e1GtC5b39GP5vQsYJ7rhmjYcYY=
-25,-14,TXmaKA5zrYeg8yExw4/ucako6l8=,/e1GtC5b39GP5vQsYJ7rhmjYcYY=
-23,-11,TXmaKA5zrYeg8yExw4/ucako6l8=,Wv/TTjIgfO4syfwZVh+qikX7a78=
-21,-11,TXmaKA5zrYeg8yExw4/ucako6l8=,Wv/TTjIgfO4syfwZVh+qikX7a78=
-17,-11,TXmaKA5zrYeg8yExw4/ucako6l8=,tZ+XXxKwWzOqKMz/FQRseWfs1F8=
-20,-12,TXmaKA5zrYeg8yExw4/ucako6l8=,tZ+XXxKwWzOqKMz/FQRseWfs1F8=
-26,-14,TXmaKA5zrYeg8yExw4/ucako6l8=,/e1GtC5b39GP5vQsYJ7rhmjYcYY=
-21,-10,TXmaKA5zrYeg8yExw4/ucako6l8=,Wv/TTjIgfO4syfwZVh+qikX7a78=
-22,-8,TXmaKA5zrYeg8yExw4/ucako6l8=,zWiVoXHNNOv6yKsGyhUDSe1z4EA=
-22,-11,TXmaKA5zrYeg8yExw4/ucako6l8=,Wv/TTjIgfO4syfwZVh+qikX7a78=
-20,-9,TXmaKA5zrYeg8yExw4/ucako6l8=,tZ+XXxKwWzOqKMz/FQRseWfs1F8=
-19,-12,TXmaKA5zrYeg8yExw4/ucako6l8=,tZ+XXxKwWzOqKMz/FQRseWfs1F8=
-19,-11,TXmaKA5zrYeg8yExw4/ucako6l8=,tZ+XXxKwWzOqKMz/FQRseWfs1F8=
-24,-11,TXmaKA5zrYeg8yExw4/ucako6l8=,Wv/TTjIgfO4syfwZVh+qikX7a78=
-25,-11,TXmaKA5zrYeg8yExw4/ucako6l8=,fM5WU+Rji7Ay4OZNFB39GpMhoWc=
-26,-11,TXmaKA5zrYeg8yExw4/ucako6l8=,fM5WU+Rji7Ay4OZNFB39GpMhoWc=
-17,-7,TXmaKA5zrYeg8yExw4/ucako6l8=,SV1UxDVEmHQMSQ8+n8Kb0s5cVpU=
-21,-9,TXmaKA5zrYeg8yExw4/ucako6l8=,Wv/TTjIgfO4syfwZVh+qikX7a78=
-21,-7,TXmaKA5zrYeg8yExw4/ucako6l8=,zWiVoXHNNOv6yKsGyhUDSe1z4EA=
-17,-6,TXmaKA5zrYeg8yExw4/ucako6l8=,SV1UxDVEmHQMSQ8+n8Kb0s5cVpU=
-18,-9,TXmaKA5zrYeg8yExw4/ucako6l8=,tZ+XXxKwWzOqKMz/FQRseWfs1F8=
-22,-9,TXmaKA5zrYeg8yExw4/ucako6l8=,Wv/TTjIgfO4syfwZVh+qikX7a78=
-17,-8,TXmaKA5zrYeg8yExw4/ucako6l8=,SV1UxDVEmHQMSQ8+n8Kb0s5cVpU=
-22,-10,TXmaKA5zrYeg8yExw4/ucako6l8=,Wv/TTjIgfO4syfwZVh+qikX7a78=
-22,-7,TXmaKA5zrYeg8yExw4/ucako6l8=,zWiVoXHNNOv6yKsGyhUDSe1z4EA=
-17,-10,TXmaKA5zrYeg8yExw4/ucako6l8=,tZ+XXxKwWzOqKMz/FQRseWfs1F8=
-18,-10,TXmaKA5zrYeg8yExw4/ucako6l8=,tZ+XXxKwWzOqKMz/FQRseWfs1F8=
-17,-9,TXmaKA5zrYeg8yExw4/ucako6l8=,tZ+XXxKwWzOqKMz/FQRseWfs1F8=
-19,-4,TXmaKA5zrYeg8yExw4/ucako6l8=,6sfbN+9NIT0UfqOPZxcPHnc9nVQ=
-20,-3,TXmaKA5zrYeg8yExw4/ucako6l8=,6sfbN+9NIT0UfqOPZxcPHnc9nVQ=
-18,-5,TXmaKA5zrYeg8yExw4/ucako6l8=,SV1UxDVEmHQMSQ8+n8Kb0s5cVpU=
-19,-5,TXmaKA5zrYeg8yExw4/ucako6l8=,SV1UxDVEmHQMSQ8+n8Kb0s5cVpU=
-20,-5,TXmaKA5zrYeg8yExw4/ucako6l8=,SV1UxDVEmHQMSQ8+n8Kb0s5cVpU=
-22,-5,TXmaKA5zrYeg8yExw4/ucako6l8=,zWiVoXHNNOv6yKsGyhUDSe1z4EA=
-22,-3,TXmaKA5zrYeg8yExw4/ucako6l8=,gv1+d7pE2M9uAFnpeThOV3Xcp+Y=
-20,-4,TXmaKA5zrYeg8yExw4/ucako6l8=,6sfbN+9NIT0UfqOPZxcPHnc9nVQ=
-22,-6,TXmaKA5zrYeg8yExw4/ucako6l8=,zWiVoXHNNOv6yKsGyhUDSe1z4EA=
-17,-5,TXmaKA5zrYeg8yExw4/ucako6l8=,SV1UxDVEmHQMSQ8+n8Kb0s5cVpU=
-21,-4,TXmaKA5zrYeg8yExw4/ucako6l8=,gv1+d7pE2M9uAFnpeThOV3Xcp+Y=
-18,-4,TXmaKA5zrYeg8yExw4/ucako6l8=,6sfbN+9NIT0UfqOPZxcPHnc9nVQ=
-21,-3,TXmaKA5zrYeg8yExw4/ucako6l8=,gv1+d7pE2M9uAFnpeThOV3Xcp+Y=
-21,-5,TXmaKA5zrYeg8yExw4/ucako6l8=,zWiVoXHNNOv6yKsGyhUDSe1z4EA=
-21,-6,TXmaKA5zrYeg8yExw4/ucako6l8=,zWiVoXHNNOv6yKsGyhUDSe1z4EA=
-19,-3,mHI/SNmHIwNs4DZTp/3GMSpOpk4=,6sfbN+9NIT0UfqOPZxcPHnc9nVQ=
-27,-1,mHI/SNmHIwNs4DZTp/3GMSpOpk4=,7le/HgU5BPKzB+Kp5H3UZoryKK8=
-30,-2,mHI/SNmHIwNs4DZTp/3GMSpOpk4=,+PzLTw9oNDRTf85z2OaeTsHdsqE=
-28,-1,mHI/SNmHIwNs4DZTp/3GMSpOpk4=,7le/HgU5BPKzB+Kp5H3UZoryKK8=
-29,-1,mHI/SNmHIwNs4DZTp/3GMSpOpk4=,+PzLTw9oNDRTf85z2OaeTsHdsqE=
-23,-1,mHI/SNmHIwNs4DZTp/3GMSpOpk4=,gv1+d7pE2M9uAFnpeThOV3Xcp+Y=
-24,-2,mHI/SNmHIwNs4DZTp/3GMSpOpk4=,gv1+d7pE2M9uAFnpeThOV3Xcp+Y=
-28,-2,mHI/SNmHIwNs4DZTp/3GMSpOpk4=,7le/HgU5BPKzB+Kp5H3UZoryKK8=
-23,-2,mHI/SNmHIwNs4DZTp/3GMSpOpk4=,gv1+d7pE2M9uAFnpeThOV3Xcp+Y=
-30,-1,DeHw0bGXq6HrTjfxz/Jl6mamHTo=,+PzLTw9oNDRTf85z2OaeTsHdsqE=
-17,-4,DeHw0bGXq6HrTjfxz/Jl6mamHTo=,6sfbN+9NIT0UfqOPZxcPHnc9nVQ=
-25,-2,DeHw0bGXq6HrTjfxz/Jl6mamHTo=,7le/HgU5BPKzB+Kp5H3UZoryKK8=
-25,-1,DeHw0bGXq6HrTjfxz/Jl6mamHTo=,7le/HgU5BPKzB+Kp5H3UZoryKK8=
-24,-1,DeHw0bGXq6HrTjfxz/Jl6mamHTo=,gv1+d7pE2M9uAFnpeThOV3Xcp+Y=
-17,-14,DeHw0bGXq6HrTjfxz/Jl6mamHTo=,gjGPpJjCo5qsPcp1LG16JEgKlHs=
-17,-15,DeHw0bGXq6HrTjfxz/Jl6mamHTo=,gjGPpJjCo5qsPcp1LG16JEgKlHs=
-27,-2,DeHw0bGXq6HrTjfxz/Jl6mamHTo=,7le/HgU5BPKzB+Kp5H3UZoryKK8=
-18,-14,DeHw0bGXq6HrTjfxz/Jl6mamHTo=,gjGPpJjCo5qsPcp1LG16JEgKlHs=
-19,-16,DeHw0bGXq6HrTjfxz/Jl6mamHTo=,gjGPpJjCo5qsPcp1LG16JEgKlHs=
-17,-16,DeHw0bGXq6HrTjfxz/Jl6mamHTo=,gjGPpJjCo5qsPcp1LG16JEgKlHs=
-18,-16,DeHw0bGXq6HrTjfxz/Jl6mamHTo=,gjGPpJjCo5qsPcp1LG16JEgKlHs=
-32,-2,DeHw0bGXq6HrTjfxz/Jl6mamHTo=,+PzLTw9oNDRTf85z2OaeTsHdsqE=
-32,-3,DeHw0bGXq6HrTjfxz/Jl6mamHTo=,+PzLTw9oNDRTf85z2OaeTsHdsqE=
-32,-4,DeHw0bGXq6HrTjfxz/Jl6mamHTo=,+PzLTw9oNDRTf85z2OaeTsHdsqE=
-26,-2,DeHw0bGXq6HrTjfxz/Jl6mamHTo=,7le/HgU5BPKzB+Kp5H3UZoryKK8=
-32,-6,DeHw0bGXq6HrTjfxz/Jl6mamHTo=,ZBNLFski8+hu6RQtBRouWzWQXNA=
-32,-7,DeHw0bGXq6HrTjfxz/Jl6mamHTo=,ZBNLFski8+hu6RQtBRouWzWQXNA=
-28,-9,DeHw0bGXq6HrTjfxz/Jl6mamHTo=,fM5WU+Rji7Ay4OZNFB39GpMhoWc=
-32,-5,DeHw0bGXq6HrTjfxz/Jl6mamHTo=,ZBNLFski8+hu6RQtBRouWzWQXNA=
-28,-14,DeHw0bGXq6HrTjfxz/Jl6mamHTo=,/e1GtC5b39GP5vQsYJ7rhmjYcYY=
-18,-12,DeHw0bGXq6HrTjfxz/Jl6mamHTo=,tZ+XXxKwWzOqKMz/FQRseWfs1F8=
-18,-11,DeHw0bGXq6HrTjfxz/Jl6mamHTo=,tZ+XXxKwWzOqKMz/FQRseWfs1F8=
-18,-13,DeHw0bGXq6HrTjfxz/Jl6mamHTo=,gjGPpJjCo5qsPcp1LG16JEgKlHs=
-22,-1,DeHw0bGXq6HrTjfxz/Jl6mamHTo=,gv1+d7pE2M9uAFnpeThOV3Xcp+Y=
-26,-1,DeHw0bGXq6HrTjfxz/Jl6mamHTo=,7le/HgU5BPKzB+Kp5H3UZoryKK8=
-17,-12,DeHw0bGXq6HrTjfxz/Jl6mamHTo=,tZ+XXxKwWzOqKMz/FQRseWfs1F8=
-17,-13,DeHw0bGXq6HrTjfxz/Jl6mamHTo=,gjGPpJjCo5qsPcp1LG16JEgKlHs=
-31,-4,DeHw0bGXq6HrTjfxz/Jl6mamHTo=,+PzLTw9oNDRTf85z2OaeTsHdsqE=
-28,-13,tVrUM+YhB1DLvttfCPcvvRY13B8=,/e1GtC5b39GP5vQsYJ7rhmjYcYY=
-28,-11,tVrUM+YhB1DLvttfCPcvvRY13B8=,fM5WU+Rji7Ay4OZNFB39GpMhoWc=
-28,-8,tVrUM+YhB1DLvttfCPcvvRY13B8=,Tc3WDEydtRcyh7Wa0AoNBv3+0hU=
-31,-8,tVrUM+YhB1DLvttfCPcvvRY13B8=,ZBNLFski8+hu6RQtBRouWzWQXNA=
-30,-8,tVrUM+YhB1DLvttfCPcvvRY13B8=,ZBNLFski8+hu6RQtBRouWzWQXNA=
-28,-12,tVrUM+YhB1DLvttfCPcvvRY13B8=,fM5WU+Rji7Ay4OZNFB39GpMhoWc=
-28,-10,tVrUM+YhB1DLvttfCPcvvRY13B8=,fM5WU+Rji7Ay4OZNFB39GpMhoWc=
-29,-8,tVrUM+YhB1DLvttfCPcvvRY13B8=,ZBNLFski8+hu6RQtBRouWzWQXNA=
-32,-8,tVrUM+YhB1DLvttfCPcvvRY13B8=,ZBNLFski8+hu6RQtBRouWzWQXNA=
-27,-12,tVrUM+YhB1DLvttfCPcvvRY13B8=,fM5WU+Rji7Ay4OZNFB39GpMhoWc=
-20,-16,tVrUM+YhB1DLvttfCPcvvRY13B8=,gjGPpJjCo5qsPcp1LG16JEgKlHs=
-27,-13,tVrUM+YhB1DLvttfCPcvvRY13B8=,/e1GtC5b39GP5vQsYJ7rhmjYcYY=
-31,-6,tVrUM+YhB1DLvttfCPcvvRY13B8=,ZBNLFski8+hu6RQtBRouWzWQXNA=
-21,-2,tVrUM+YhB1DLvttfCPcvvRY13B8=,gv1+d7pE2M9uAFnpeThOV3Xcp+Y=
-27,-14,tVrUM+YhB1DLvttfCPcvvRY13B8=,/e1GtC5b39GP5vQsYJ7rhmjYcYY=
-31,-5,tVrUM+YhB1DLvttfCPcvvRY13B8=,ZBNLFski8+hu6RQtBRouWzWQXNA=
-18,-3,tVrUM+YhB1DLvttfCPcvvRY13B8=,6sfbN+9NIT0UfqOPZxcPHnc9nVQ=
-22,-2,tVrUM+YhB1DLvttfCPcvvRY13B8=,gv1+d7pE2M9uAFnpeThOV3Xcp+Y=
-21,-1,tVrUM+YhB1DLvttfCPcvvRY13B8=,gv1+d7pE2M9uAFnpeThOV3Xcp+Y=
-25,-16,tVrUM+YhB1DLvttfCPcvvRY13B8=,/e1GtC5b39GP5vQsYJ7rhmjYcYY=
-28,-15,tVrUM+YhB1DLvttfCPcvvRY13B8=,/e1GtC5b39GP5vQsYJ7rhmjYcYY=
-17,-3,tVrUM+YhB1DLvttfCPcvvRY13B8=,6sfbN+9NIT0UfqOPZxcPHnc9nVQ=
-26,-16,tVrUM+YhB1DLvttfCPcvvRY13B8=,/e1GtC5b39GP5vQsYJ7rhmjYcYY=
-31,-2,tVrUM+YhB1DLvttfCPcvvRY13B8=,+PzLTw9oNDRTf85z2OaeTsHdsqE=
-32,-1,tVrUM+YhB1DLvttfCPcvvRY13B8=,+PzLTw9oNDRTf85z2OaeTsHdsqE=
-28,-16,tVrUM+YhB1DLvttfCPcvvRY13B8=,/e1GtC5b39GP5vQsYJ7rhmjYcYY=
-19,-1,tVrUM+YhB1DLvttfCPcvvRY13B8=,6sfbN+9NIT0UfqOPZxcPHnc9nVQ=
-26,-15,tVrUM+YhB1DLvttfCPcvvRY13B8=,/e1GtC5b39GP5vQsYJ7rhmjYcYY=
-27,-16,tVrUM+YhB1DLvttfCPcvvRY13B8=,/e1GtC5b39GP5vQsYJ7rhmjYcYY=
-27,-15,tVrUM+YhB1DLvttfCPcvvRY13B8=,/e1GtC5b39GP5vQsYJ7rhmjYcYY=
-31,-1,tVrUM+YhB1DLvttfCPcvvRY13B8=,+PzLTw9oNDRTf85z2OaeTsHdsqE=
-19,-2,tVrUM+YhB1DLvttfCPcvvRY13B8=,6sfbN+9NIT0UfqOPZxcPHnc9nVQ=
-18,-2,tVrUM+YhB1DLvttfCPcvvRY13B8=,6sfbN+9NIT0UfqOPZxcPHnc9nVQ=
-20,-2,tVrUM+YhB1DLvttfCPcvvRY13B8=,6sfbN+9NIT0UfqOPZxcPHnc9nVQ=
-20,-1,tVrUM+YhB1DLvttfCPcvvRY13B8=,6sfbN+9NIT0UfqOPZxcPHnc9nVQ=
-17,-2,7nyY5Wx9OQ+63vFGakN/Wvaze6Q=,6sfbN+9NIT0UfqOPZxcPHnc9nVQ=
-17,-1,7nyY5Wx9OQ+63vFGakN/Wvaze6Q=,6sfbN+9NIT0UfqOPZxcPHnc9nVQ=
-18,-1,7nyY5Wx9OQ+63vFGakN/Wvaze6Q=,6sfbN+9NIT0UfqOPZxcPHnc9nVQ=
