42,6,2jXGlGH0pTxcQn2Htd1FBoh3eKY=,SWfH4YId1aGGpEr3hO9QY93eOw4=
42,5,2jXGlGH0pTxcQn2Htd1FBoh3eKY=,SWfH4YId1aGGpEr3hO9QY93eOw4=
43,6,ANiJbyf1PizuGrDekBAO9TDdXaA=,SWfH4YId1aGGpEr3hO9QY93eOw4=
43,5,ANiJbyf1PizuGrDekBAO9TDdXaA=,SWfH4YId1aGGpEr3hO9QY93eOw4=
46,5,ANiJbyf1PizuGrDekBAO9TDdXaA=,V20JRwdcH/nZr5RcUvMhEt1AIZI=
45,5,ANiJbyf1PizuGrDekBAO9TDdXaA=,V20JRwdcH/nZr5RcUvMhEt1AIZI=
44,5,ANiJbyf1PizuGrDekBAO9TDdXaA=,V20JRwdcH/nZr5RcUvMhEt1AIZI=
43,10,ANiJbyf1PizuGrDekBAO9TDdXaA=,RUdEFoDqjIWT9IYnGVLm9fQzw5g=
44,6,ANiJbyf1PizuGrDekBAO9TDdXaA=,V20JRwdcH/nZr5RcUvMhEt1AIZI=
43,8,ANiJbyf1PizuGrDekBAO9TDdXaA=,RUdEFoDqjIWT9IYnGVLm9fQzw5g=
42,7,ANiJbyf1PizuGrDekBAO9TDdXaA=,SWfH4YId1aGGpEr3hO9QY93eOw4=
45,10,ANiJbyf1PizuGrDekBAO9TDdXaA=,l1qq53OgVXlVivyB2AvRZLiR06s=
45,6,ANiJbyf1PizuGrDekBAO9TDdXaA=,V20JRwdcH/nZr5RcUvMhEt1AIZI=
44,10,ANiJbyf1PizuGrDekBAO9TDdXaA=,l1qq53OgVXlVivyB2AvRZLiR06s=
42,8,ANiJbyf1PizuGrDekBAO9TDdXaA=,RUdEFoDqjIWT9IYnGVLm9fQzw5g=
44,8,ANiJbyf1PizuGrDekBAO9TDdXaA=,l1qq53OgVXlVivyB2AvRZLiR06s=
45,8,ANiJbyf1PizuGrDekBAO9TDdXaA=,l1qq53OgVXlVivyB2AvRZLiR06s=
43,7,ANiJbyf1PizuGrDekBAO9TDdXaA=,SWfH4YId1aGGpEr3hO9QY93eOw4=
45,9,5Z8w2KF6d2L6/TgpmlgvaDIMg8A=,l1qq53OgVXlVivyB2AvRZLiR06s=
45,7,5Z8w2KF6d2L6/TgpmlgvaDIMg8A=,V20JRwdcH/nZr5RcUvMhEt1AIZI=
43,9,5Z8w2KF6d2L6/TgpmlgvaDIMg8A=,RUdEFoDqjIWT9IYnGVLm9fQzw5g=
44,7,5Z8w2KF6d2L6/TgpmlgvaDIMg8A=,V20JRwdcH/nZr5RcUvMhEt1AIZI=
44,9,5Z8w2KF6d2L6/TgpmlgvaDIMg8A=,l1qq53OgVXlVivyB2AvRZLiR06s=
37,5,5Z8w2KF6d2L6/TgpmlgvaDIMg8A=,CySz1bL+vVrUcNzwH+sm5XqaG4k=
38,5,0eOeOBNnm9seN8YP2HU04erXsz0=,CySz1bL+vVrUcNzwH+sm5XqaG4k=
37,6,0eOeOBNnm9seN8YP2HU04erXsz0=,CySz1bL+vVrUcNzwH+sm5XqaG4k=
38,3,0eOeOBNnm9seN8YP2HU04erXsz0=,X6SYJ+P6NzPh3GvAeJlr7CEMk9o=
37,1,0eOeOBNnm9seN8YP2HU04erXsz0=,X6SYJ+P6NzPh3GvAeJlr7CEMk9o=
38,1,0eOeOBNnm9seN8YP2HU04erXsz0=,X6SYJ+P6NzPh3GvAeJlr7CEMk9o=
37,2,0eOeOBNnm9seN8YP2HU04erXsz0=,X6SYJ+P6NzPh3GvAeJlr7CEMk9o=
37,4,0eOeOBNnm9seN8YP2HU04erXsz0=,CySz1bL+vVrUcNzwH+sm5XqaG4k=
38,4,0eOeOBNnm9seN8YP2HU04erXsz0=,CySz1bL+vVrUcNzwH+sm5XqaG4k=
38,2,0eOeOBNnm9seN8YP2HU04erXsz0=,X6SYJ+P6NzPh3GvAeJlr7CEMk9o=
37,3,0eOeOBNnm9seN8YP2HU04erXsz0=,X6SYJ+P6NzPh3GvAeJlr7CEMk9o=
37,10,0eOeOBNnm9seN8YP2HU04erXsz0=,2yYvG9P7zbeJgHhbQXuZxqdLVEA=
39,8,0eOeOBNnm9seN8YP2HU04erXsz0=,2yYvG9P7zbeJgHhbQXuZxqdLVEA=
42,9,wqD6NIswpwIA+ybQI7TA97+NT74=,RUdEFoDqjIWT9IYnGVLm9fQzw5g=
40,7,wqD6NIswpwIA+ybQI7TA97+NT74=,SWfH4YId1aGGpEr3hO9QY93eOw4=
38,6,wqD6NIswpwIA+ybQI7TA97+NT74=,CySz1bL+vVrUcNzwH+sm5XqaG4k=
40,6,wqD6NIswpwIA+ybQI7TA97+NT74=,SWfH4YId1aGGpEr3hO9QY93eOw4=
38,7,wqD6NIswpwIA+ybQI7TA97+NT74=,CySz1bL+vVrUcNzwH+sm5XqaG4k=
39,7,wqD6NIswpwIA+ybQI7TA97+NT74=,CySz1bL+vVrUcNzwH+sm5XqaG4k=
41,7,wqD6NIswpwIA+ybQI7TA97+NT74=,SWfH4YId1aGGpEr3hO9QY93eOw4=
40,9,wqD6NIswpwIA+ybQI7TA97+NT74=,RUdEFoDqjIWT9IYnGVLm9fQzw5g=
39,9,wqD6NIswpwIA+ybQI7TA97+NT74=,2yYvG9P7zbeJgHhbQXuZxqdLVEA=
38,8,wqD6NIswpwIA+ybQI7TA97+NT74=,2yYvG9P7zbeJgHhbQXuZxqdLVEA=
40,8,wqD6NIswpwIA+ybQI7TA97+NT74=,RUdEFoDqjIWT9IYnGVLm9fQzw5g=
39,6,wqD6NIswpwIA+ybQI7TA97+NT74=,CySz1bL+vVrUcNzwH+sm5XqaG4k=
36,5,wqD6NIswpwIA+ybQI7TA97+NT74=,CySz1bL+vVrUcNzwH+sm5XqaG4k=
36,6,wqD6NIswpwIA+ybQI7TA97+NT74=,CySz1bL+vVrUcNzwH+sm5XqaG4k=
34,5,wqD6NIswpwIA+ybQI7TA97+NT74=,sSjxtkpyAqohb9S4N8xvA96edpA=
35,5,wqD6NIswpwIA+ybQI7TA97+NT74=,sSjxtkpyAqohb9S4N8xvA96edpA=
38,11,wqD6NIswpwIA+ybQI7TA97+NT74=,2yYvG9P7zbeJgHhbQXuZxqdLVEA=
37,11,wqD6NIswpwIA+ybQI7TA97+NT74=,2yYvG9P7zbeJgHhbQXuZxqdLVEA=
41,6,wqD6NIswpwIA+ybQI7TA97+NT74=,SWfH4YId1aGGpEr3hO9QY93eOw4=
41,9,wqD6NIswpwIA+ybQI7TA97+NT74=,RUdEFoDqjIWT9IYnGVLm9fQzw5g=
34,14,wqD6NIswpwIA+ybQI7TA97+NT74=,bFod3IbXJByvmNrYehK+xtViGio=
35,14,wqD6NIswpwIA+ybQI7TA97+NT74=,bFod3IbXJByvmNrYehK+xtViGio=
34,13,wqD6NIswpwIA+ybQI7TA97+NT74=,bFod3IbXJByvmNrYehK+xtViGio=
35,13,wqD6NIswpwIA+ybQI7TA97+NT74=,bFod3IbXJByvmNrYehK+xtViGio=
38,9,wqD6NIswpwIA+ybQI7TA97+NT74=,2yYvG9P7zbeJgHhbQXuZxqdLVEA=
33,11,wqD6NIswpwIA+ybQI7TA97+NT74=,nyBzOIFm/ZNJu1s3myQLj8K9kYU=
41,8,wqD6NIswpwIA+ybQI7TA97+NT74=,RUdEFoDqjIWT9IYnGVLm9fQzw5g=
35,12,33arpaJ8XMHX5lYvRxjcMsNbOUc=,bFod3IbXJByvmNrYehK+xtViGio=
36,11,33arpaJ8XMHX5lYvRxjcMsNbOUc=,2yYvG9P7zbeJgHhbQXuZxqdLVEA=
34,12,33arpaJ8XMHX5lYvRxjcMsNbOUc=,bFod3IbXJByvmNrYehK+xtViGio=
34,7,33arpaJ8XMHX5lYvRxjcMsNbOUc=,sSjxtkpyAqohb9S4N8xvA96edpA=
33,12,33arpaJ8XMHX5lYvRxjcMsNbOUc=,bFod3IbXJByvmNrYehK+xtViGio=
35,11,33arpaJ8XMHX5lYvRxjcMsNbOUc=,nyBzOIFm/ZNJu1s3myQLj8K9kYU=
34,11,33arpaJ8XMHX5lYvRxjcMsNbOUc=,nyBzOIFm/ZNJu1s3myQLj8K9kYU=
35,8,33arpaJ8XMHX5lYvRxjcMsNbOUc=,nyBzOIFm/ZNJu1s3myQLj8K9kYU=
35,7,33arpaJ8XMHX5lYvRxjcMsNbOUc=,sSjxtkpyAqohb9S4N8xvA96edpA=
36,7,33arpaJ8XMHX5lYvRxjcMsNbOUc=,CySz1bL+vVrUcNzwH+sm5XqaG4k=
36,8,33arpaJ8XMHX5lYvRxjcMsNbOUc=,2yYvG9P7zbeJgHhbQXuZxqdLVEA=
35,6,33arpaJ8XMHX5lYvRxjcMsNbOUc=,sSjxtkpyAqohb9S4N8xvA96edpA=
37,9,33arpaJ8XMHX5lYvRxjcMsNbOUc=,2yYvG9P7zbeJgHhbQXuZxqdLVEA=
36,10,33arpaJ8XMHX5lYvRxjcMsNbOUc=,2yYvG9P7zbeJgHhbQXuZxqdLVEA=
33,2,33arpaJ8XMHX5lYvRxjcMsNbOUc=,MDSRvvoKg01rrNrAbKc2rN55aZg=
33,3,33arpaJ8XMHX5lYvRxjcMsNbOUc=,MDSRvvoKg01rrNrAbKc2rN55aZg=
34,3,33arpaJ8XMHX5lYvRxjcMsNbOUc=,MDSRvvoKg01rrNrAbKc2rN55aZg=
34,4,33arpaJ8XMHX5lYvRxjcMsNbOUc=,sSjxtkpyAqohb9S4N8xvA96edpA=
34,2,33arpaJ8XMHX5lYvRxjcMsNbOUc=,MDSRvvoKg01rrNrAbKc2rN55aZg=
36,1,33arpaJ8XMHX5lYvRxjcMsNbOUc=,X6SYJ+P6NzPh3GvAeJlr7CEMk9o=
36,4,33arpaJ8XMHX5lYvRxjcMsNbOUc=,CySz1bL+vVrUcNzwH+sm5XqaG4k=
36,2,33arpaJ8XMHX5lYvRxjcMsNbOUc=,X6SYJ+P6NzPh3GvAeJlr7CEMk9o=
35,3,33arpaJ8XMHX5lYvRxjcMsNbOUc=,MDSRvvoKg01rrNrAbKc2rN55aZg=
35,2,33arpaJ8XMHX5lYvRxjcMsNbOUc=,MDSRvvoKg01rrNrAbKc2rN55aZg=
35,4,33arpaJ8XMHX5lYvRxjcMsNbOUc=,sSjxtkpyAqohb9S4N8xvA96edpA=
36,3,33arpaJ8XMHX5lYvRxjcMsNbOUc=,X6SYJ+P6NzPh3GvAeJlr7CEMk9o=
34,6,33arpaJ8XMHX5lYvRxjcMsNbOUc=,sSjxtkpyAqohb9S4N8xvA96edpA=
34,9,33arpaJ8XMHX5lYvRxjcMsNbOUc=,nyBzOIFm/ZNJu1s3myQLj8K9kYU=
34,8,33arpaJ8XMHX5lYvRxjcMsNbOUc=,nyBzOIFm/ZNJu1s3myQLj8K9kYU=
34,10,33arpaJ8XMHX5lYvRxjcMsNbOUc=,nyBzOIFm/ZNJu1s3myQLj8K9kYU=
36,9,33arpaJ8XMHX5lYvRxjcMsNbOUc=,2yYvG9P7zbeJgHhbQXuZxqdLVEA=
32,2,33arpaJ8XMHX5lYvRxjcMsNbOUc=,MDSRvvoKg01rrNrAbKc2rN55aZg=
40,4,33arpaJ8XMHX5lYvRxjcMsNbOUc=,SWfH4YId1aGGpEr3hO9QY93eOw4=
41,4,33arpaJ8XMHX5lYvRxjcMsNbOUc=,SWfH4YId1aGGpEr3hO9QY93eOw4=
39,3,33arpaJ8XMHX5lYvRxjcMsNbOUc=,X6SYJ+P6NzPh3GvAeJlr7CEMk9o=
39,1,33arpaJ8XMHX5lYvRxjcMsNbOUc=,X6SYJ+P6NzPh3GvAeJlr7CEMk9o=
39,2,33arpaJ8XMHX5lYvRxjcMsNbOUc=,X6SYJ+P6NzPh3GvAeJlr7CEMk9o=
39,4,33arpaJ8XMHX5lYvRxjcMsNbOUc=,CySz1bL+vVrUcNzwH+sm5XqaG4k=
42,4,33arpaJ8XMHX5lYvRxjcMsNbOUc=,SWfH4YId1aGGpEr3hO9QY93eOw4=
35,9,33arpaJ8XMHX5lYvRxjcMsNbOUc=,nyBzOIFm/ZNJu1s3myQLj8K9kYU=
40,5,33arpaJ8XMHX5lYvRxjcMsNbOUc=,SWfH4YId1aGGpEr3hO9QY93eOw4=
37,7,33arpaJ8XMHX5lYvRxjcMsNbOUc=,CySz1bL+vVrUcNzwH+sm5XqaG4k=
41,5,33arpaJ8XMHX5lYvRxjcMsNbOUc=,SWfH4YId1aGGpEr3hO9QY93eOw4=
39,5,33arpaJ8XMHX5lYvRxjcMsNbOUc=,CySz1bL+vVrUcNzwH+sm5XqaG4k=
37,8,33arpaJ8XMHX5lYvRxjcMsNbOUc=,2yYvG9P7zbeJgHhbQXuZxqdLVEA=
35,10,33arpaJ8XMHX5lYvRxjcMsNbOUc=,nyBzOIFm/ZNJu1s3myQLj8K9kYU=
38,0,n/49WIUzxhljDced9jBBuid2RGQ=,X6SYJ+P6NzPh3GvAeJlr7CEMk9o=
39,0,n/49WIUzxhljDced9jBBuid2RGQ=,X6SYJ+P6NzPh3GvAeJlr7CEMk9o=
32,7,n/49WIUzxhljDced9jBBuid2RGQ=,sSjxtkpyAqohb9S4N8xvA96edpA=
32,3,n/49WIUzxhljDced9jBBuid2RGQ=,MDSRvvoKg01rrNrAbKc2rN55aZg=
44,1,n/49WIUzxhljDced9jBBuid2RGQ=,+r1CC7fb/uL1iatO1tTP3tpeFJI=
44,4,n/49WIUzxhljDced9jBBuid2RGQ=,V20JRwdcH/nZr5RcUvMhEt1AIZI=
45,1,n/49WIUzxhljDced9jBBuid2RGQ=,+r1CC7fb/uL1iatO1tTP3tpeFJI=
46,1,n/49WIUzxhljDced9jBBuid2RGQ=,+r1CC7fb/uL1iatO1tTP3tpeFJI=
44,2,n/49WIUzxhljDced9jBBuid2RGQ=,+r1CC7fb/uL1iatO1tTP3tpeFJI=
45,4,n/49WIUzxhljDced9jBBuid2RGQ=,V20JRwdcH/nZr5RcUvMhEt1AIZI=
46,4,n/49WIUzxhljDced9jBBuid2RGQ=,V20JRwdcH/nZr5RcUvMhEt1AIZI=
45,2,n/49WIUzxhljDced9jBBuid2RGQ=,+r1CC7fb/uL1iatO1tTP3tpeFJI=
46,2,7+kkgDdVY9Mw47uRuK72TFco6YA=,+r1CC7fb/uL1iatO1tTP3tpeFJI=
44,3,7+kkgDdVY9Mw47uRuK72TFco6YA=,+r1CC7fb/uL1iatO1tTP3tpeFJI=
45,3,7+kkgDdVY9Mw47uRuK72TFco6YA=,+r1CC7fb/uL1iatO1tTP3tpeFJI=
46,3,7+kkgDdVY9Mw47uRuK72TFco6YA=,+r1CC7fb/uL1iatO1tTP3tpeFJI=
43,4,7+kkgDdVY9Mw47uRuK72TFco6YA=,SWfH4YId1aGGpEr3hO9QY93eOw4=
33,7,7+kkgDdVY9Mw47uRuK72TFco6YA=,sSjxtkpyAqohb9S4N8xvA96edpA=
33,4,7+kkgDdVY9Mw47uRuK72TFco6YA=,sSjxtkpyAqohb9S4N8xvA96edpA=
32,6,7+kkgDdVY9Mw47uRuK72TFco6YA=,sSjxtkpyAqohb9S4N8xvA96edpA=
32,8,7+kkgDdVY9Mw47uRuK72TFco6YA=,nyBzOIFm/ZNJu1s3myQLj8K9kYU=
32,5,7+kkgDdVY9Mw47uRuK72TFco6YA=,sSjxtkpyAqohb9S4N8xvA96edpA=
33,5,7+kkgDdVY9Mw47uRuK72TFco6YA=,sSjxtkpyAqohb9S4N8xvA96edpA=
33,6,7+kkgDdVY9Mw47uRuK72TFco6YA=,sSjxtkpyAqohb9S4N8xvA96edpA=
33,8,7+kkgDdVY9Mw47uRuK72TFco6YA=,nyBzOIFm/ZNJu1s3myQLj8K9kYU=
32,9,7+kkgDdVY9Mw47uRuK72TFco6YA=,nyBzOIFm/ZNJu1s3myQLj8K9kYU=
37,0,7+kkgDdVY9Mw47uRuK72TFco6YA=,X6SYJ+P6NzPh3GvAeJlr7CEMk9o=
32,4,7+kkgDdVY9Mw47uRuK72TFco6YA=,sSjxtkpyAqohb9S4N8xvA96edpA=
34,1,7+kkgDdVY9Mw47uRuK72TFco6YA=,MDSRvvoKg01rrNrAbKc2rN55aZg=
35,1,7+kkgDdVY9Mw47uRuK72TFco6YA=,MDSRvvoKg01rrNrAbKc2rN55aZg=
33,9,7+kkgDdVY9Mw47uRuK72TFco6YA=,nyBzOIFm/ZNJu1s3myQLj8K9kYU=
44,0,cpP/Eavq7WObZdSvQshS8TxYesU=,+r1CC7fb/uL1iatO1tTP3tpeFJI=
42,11,cpP/Eavq7WObZdSvQshS8TxYesU=,RUdEFoDqjIWT9IYnGVLm9fQzw5g=
47,1,cpP/Eavq7WObZdSvQshS8TxYesU=,+r1CC7fb/uL1iatO1tTP3tpeFJI=
47,2,cpP/Eavq7WObZdSvQshS8TxYesU=,+r1CC7fb/uL1iatO1tTP3tpeFJI=
41,11,cpP/Eavq7WObZdSvQshS8TxYesU=,RUdEFoDqjIWT9IYnGVLm9fQzw5g=
40,11,cpP/Eavq7WObZdSvQshS8TxYesU=,RUdEFoDqjIWT9IYnGVLm9fQzw5g=
39,11,cpP/Eavq7WObZdSvQshS8TxYesU=,2yYvG9P7zbeJgHhbQXuZxqdLVEA=
46,0,cpP/Eavq7WObZdSvQshS8TxYesU=,+r1CC7fb/uL1iatO1tTP3tpeFJI=
45,0,cpP/Eavq7WObZdSvQshS8TxYesU=,+r1CC7fb/uL1iatO1tTP3tpeFJI=
39,10,cpP/Eavq7WObZdSvQshS8TxYesU=,2yYvG9P7zbeJgHhbQXuZxqdLVEA=
38,10,cpP/Eavq7WObZdSvQshS8TxYesU=,2yYvG9P7zbeJgHhbQXuZxqdLVEA=
47,0,cpP/Eavq7WObZdSvQshS8TxYesU=,+r1CC7fb/uL1iatO1tTP3tpeFJI=
35,0,wpRDmupueYs5rGC4b3wublepi4U=,MDSRvvoKg01rrNrAbKc2rN55aZg=
41,10,wpRDmupueYs5rGC4b3wublepi4U=,RUdEFoDqjIWT9IYnGVLm9fQzw5g=
40,10,wpRDmupueYs5rGC4b3wublepi4U=,RUdEFoDqjIWT9IYnGVLm9fQzw5g=
36,0,wpRDmupueYs5rGC4b3wublepi4U=,X6SYJ+P6NzPh3GvAeJlr7CEMk9o=
47,4,wpRDmupueYs5rGC4b3wublepi4U=,V20JRwdcH/nZr5RcUvMhEt1AIZI=
47,5,wpRDmupueYs5rGC4b3wublepi4U=,V20JRwdcH/nZr5RcUvMhEt1AIZI=
47,6,wpRDmupueYs5rGC4b3wublepi4U=,V20JRwdcH/nZr5RcUvMhEt1AIZI=
47,3,wpRDmupueYs5rGC4b3wublepi4U=,+r1CC7fb/uL1iatO1tTP3tpeFJI=
47,7,wpRDmupueYs5rGC4b3wublepi4U=,V20JRwdcH/nZr5RcUvMhEt1AIZI=
33,15,wpRDmupueYs5rGC4b3wublepi4U=,bFod3IbXJByvmNrYehK+xtViGio=
34,15,wpRDmupueYs5rGC4b3wublepi4U=,bFod3IbXJByvmNrYehK+xtViGio=
34,0,wpRDmupueYs5rGC4b3wublepi4U=,MDSRvvoKg01rrNrAbKc2rN55aZg=
46,6,wpRDmupueYs5rGC4b3wublepi4U=,V20JRwdcH/nZr5RcUvMhEt1AIZI=
35,15,wpRDmupueYs5rGC4b3wublepi4U=,bFod3IbXJByvmNrYehK+xtViGio=
44,15,wpRDmupueYs5rGC4b3wublepi4U=,9pxdmkWJR5458WeDuWK1FlGZ0fo=
45,15,wpRDmupueYs5rGC4b3wublepi4U=,9pxdmkWJR5458WeDuWK1FlGZ0fo=
43,11,wpRDmupueYs5rGC4b3wublepi4U=,RUdEFoDqjIWT9IYnGVLm9fQzw5g=
44,12,wpRDmupueYs5rGC4b3wublepi4U=,9pxdmkWJR5458WeDuWK1FlGZ0fo=
45,12,wpRDmupueYs5rGC4b3wublepi4U=,9pxdmkWJR5458WeDuWK1FlGZ0fo=
46,12,wpRDmupueYs5rGC4b3wublepi4U=,9pxdmkWJR5458WeDuWK1FlGZ0fo=
44,13,wpRDmupueYs5rGC4b3wublepi4U=,9pxdmkWJR5458WeDuWK1FlGZ0fo=
45,13,wpRDmupueYs5rGC4b3wublepi4U=,9pxdmkWJR5458WeDuWK1FlGZ0fo=
46,13,wpRDmupueYs5rGC4b3wublepi4U=,9pxdmkWJR5458WeDuWK1FlGZ0fo=
44,11,wpRDmupueYs5rGC4b3wublepi4U=,l1qq53OgVXlVivyB2AvRZLiR06s=
45,11,wpRDmupueYs5rGC4b3wublepi4U=,l1qq53OgVXlVivyB2AvRZLiR06s=
46,14,wpRDmupueYs5rGC4b3wublepi4U=,9pxdmkWJR5458WeDuWK1FlGZ0fo=
45,14,wpRDmupueYs5rGC4b3wublepi4U=,9pxdmkWJR5458WeDuWK1FlGZ0fo=
44,14,wpRDmupueYs5rGC4b3wublepi4U=,9pxdmkWJR5458WeDuWK1FlGZ0fo=
46,11,wpRDmupueYs5rGC4b3wublepi4U=,l1qq53OgVXlVivyB2AvRZLiR06s=
47,8,wpRDmupueYs5rGC4b3wublepi4U=,l1qq53OgVXlVivyB2AvRZLiR06s=
42,10,wpRDmupueYs5rGC4b3wublepi4U=,RUdEFoDqjIWT9IYnGVLm9fQzw5g=
46,10,wpRDmupueYs5rGC4b3wublepi4U=,l1qq53OgVXlVivyB2AvRZLiR06s=
47,13,wpRDmupueYs5rGC4b3wublepi4U=,9pxdmkWJR5458WeDuWK1FlGZ0fo=
46,15,wpRDmupueYs5rGC4b3wublepi4U=,9pxdmkWJR5458WeDuWK1FlGZ0fo=
47,14,wpRDmupueYs5rGC4b3wublepi4U=,9pxdmkWJR5458WeDuWK1FlGZ0fo=
46,8,wpRDmupueYs5rGC4b3wublepi4U=,l1qq53OgVXlVivyB2AvRZLiR06s=
46,7,wpRDmupueYs5rGC4b3wublepi4U=,V20JRwdcH/nZr5RcUvMhEt1AIZI=
47,12,wpRDmupueYs5rGC4b3wublepi4U=,9pxdmkWJR5458WeDuWK1FlGZ0fo=
46,9,wpRDmupueYs5rGC4b3wublepi4U=,l1qq53OgVXlVivyB2AvRZLiR06s=
47,11,wpRDmupueYs5rGC4b3wublepi4U=,l1qq53OgVXlVivyB2AvRZLiR06s=
47,9,wpRDmupueYs5rGC4b3wublepi4U=,l1qq53OgVXlVivyB2AvRZLiR06s=
47,10,wpRDmupueYs5rGC4b3wublepi4U=,l1qq53OgVXlVivyB2AvRZLiR06s=
47,15,wpRDmupueYs5rGC4b3wublepi4U=,9pxdmkWJR5458WeDuWK1FlGZ0fo=
32,1,wpRDmupueYs5rGC4b3wublepi4U=,MDSRvvoKg01rrNrAbKc2rN55aZg=
32,11,wpRDmupueYs5rGC4b3wublepi4U=,nyBzOIFm/ZNJu1s3myQLj8K9kYU=
32,15,wpRDmupueYs5rGC4b3wublepi4U=,bFod3IbXJByvmNrYehK+xtViGio=
32,12,wpRDmupueYs5rGC4b3wublepi4U=,bFod3IbXJByvmNrYehK+xtViGio=
33,10,wpRDmupueYs5rGC4b3wublepi4U=,nyBzOIFm/ZNJu1s3myQLj8K9kYU=
33,1,wpRDmupueYs5rGC4b3wublepi4U=,MDSRvvoKg01rrNrAbKc2rN55aZg=
33,13,wpRDmupueYs5rGC4b3wublepi4U=,bFod3IbXJByvmNrYehK+xtViGio=
32,10,wpRDmupueYs5rGC4b3wublepi4U=,nyBzOIFm/ZNJu1s3myQLj8K9kYU=
32,0,wpRDmupueYs5rGC4b3wublepi4U=,MDSRvvoKg01rrNrAbKc2rN55aZg=
32,13,wpRDmupueYs5rGC4b3wublepi4U=,bFod3IbXJByvmNrYehK+xtViGio=
33,0,wpRDmupueYs5rGC4b3wublepi4U=,MDSRvvoKg01rrNrAbKc2rN55aZg=
33,14,wpRDmupueYs5rGC4b3wublepi4U=,bFod3IbXJByvmNrYehK+xtViGio=
32,14,wpRDmupueYs5rGC4b3wublepi4U=,bFod3IbXJByvmNrYehK+xtViGio=
38,25,wpRDmupueYs5rGC4b3wublepi4U=,rMiQ9+X9RCn4zecY0TixQ2LAzKA=
40,26,gs469br/OgW1Jnpgd49MpAiJDGE=,QYhnmKMHo2FzCh+wmb4P3toWy7M=
40,25,gs469br/OgW1Jnpgd49MpAiJDGE=,QYhnmKMHo2FzCh+wmb4P3toWy7M=
39,26,gs469br/OgW1Jnpgd49MpAiJDGE=,rMiQ9+X9RCn4zecY0TixQ2LAzKA=
39,25,gs469br/OgW1Jnpgd49MpAiJDGE=,rMiQ9+X9RCn4zecY0TixQ2LAzKA=
37,24,gs469br/OgW1Jnpgd49MpAiJDGE=,rMiQ9+X9RCn4zecY0TixQ2LAzKA=
38,24,gs469br/OgW1Jnpgd49MpAiJDGE=,rMiQ9+X9RCn4zecY0TixQ2LAzKA=
42,23,gs469br/OgW1Jnpgd49MpAiJDGE=,cCK2cGmWFVHSkkdtwdPOWIDjFjA=
42,24,gs469br/OgW1Jnpgd49MpAiJDGE=,QYhnmKMHo2FzCh+wmb4P3toWy7M=
39,24,gs469br/OgW1Jnpgd49MpAiJDGE=,rMiQ9+X9RCn4zecY0TixQ2LAzKA=
38,23,gs469br/OgW1Jnpgd49MpAiJDGE=,vnAXRiQ26gFShlA12ur5uUnclss=
40,23,gs469br/OgW1Jnpgd49MpAiJDGE=,cCK2cGmWFVHSkkdtwdPOWIDjFjA=
41,25,gs469br/OgW1Jnpgd49MpAiJDGE=,QYhnmKMHo2FzCh+wmb4P3toWy7M=
40,22,gs469br/OgW1Jnpgd49MpAiJDGE=,cCK2cGmWFVHSkkdtwdPOWIDjFjA=
41,23,gs469br/OgW1Jnpgd49MpAiJDGE=,cCK2cGmWFVHSkkdtwdPOWIDjFjA=
41,22,gs469br/OgW1Jnpgd49MpAiJDGE=,cCK2cGmWFVHSkkdtwdPOWIDjFjA=
39,23,gs469br/OgW1Jnpgd49MpAiJDGE=,vnAXRiQ26gFShlA12ur5uUnclss=
40,24,gs469br/OgW1Jnpgd49MpAiJDGE=,QYhnmKMHo2FzCh+wmb4P3toWy7M=
41,24,gs469br/OgW1Jnpgd49MpAiJDGE=,QYhnmKMHo2FzCh+wmb4P3toWy7M=
38,22,gs469br/OgW1Jnpgd49MpAiJDGE=,vnAXRiQ26gFShlA12ur5uUnclss=
39,22,gs469br/OgW1Jnpgd49MpAiJDGE=,vnAXRiQ26gFShlA12ur5uUnclss=
34,22,gs469br/OgW1Jnpgd49MpAiJDGE=,P3X9hZYCnnnhkHQs8/PNBM/7Qos=
41,28,gs469br/OgW1Jnpgd49MpAiJDGE=,eS80AlOkf9ZtAhpASCtWYJxmxFQ=
42,28,gs469br/OgW1Jnpgd49MpAiJDGE=,eS80AlOkf9ZtAhpASCtWYJxmxFQ=
41,27,gs469br/OgW1Jnpgd49MpAiJDGE=,QYhnmKMHo2FzCh+wmb4P3toWy7M=
43,26,gs469br/OgW1Jnpgd49MpAiJDGE=,QYhnmKMHo2FzCh+wmb4P3toWy7M=
43,25,gs469br/OgW1Jnpgd49MpAiJDGE=,QYhnmKMHo2FzCh+wmb4P3toWy7M=
34,23,yq3my79UrtwDPCQDFZwKHVBu9/A=,P3X9hZYCnnnhkHQs8/PNBM/7Qos=
33,23,RfnWHonakmvnvkeX4KcLabGGqbQ=,P3X9hZYCnnnhkHQs8/PNBM/7Qos=
36,25,RfnWHonakmvnvkeX4KcLabGGqbQ=,rMiQ9+X9RCn4zecY0TixQ2LAzKA=
36,23,0hU+I4OJ72uOM8E9UEUX+sfwU7c=,vnAXRiQ26gFShlA12ur5uUnclss=
36,24,0hU+I4OJ72uOM8E9UEUX+sfwU7c=,rMiQ9+X9RCn4zecY0TixQ2LAzKA=
34,27,0hU+I4OJ72uOM8E9UEUX+sfwU7c=,XYuPGlL/VH5EYNJrdMZQqpnWN8A=
37,23,0hU+I4OJ72uOM8E9UEUX+sfwU7c=,vnAXRiQ26gFShlA12ur5uUnclss=
33,27,0hU+I4OJ72uOM8E9UEUX+sfwU7c=,XYuPGlL/VH5EYNJrdMZQqpnWN8A=
35,24,0hU+I4OJ72uOM8E9UEUX+sfwU7c=,XYuPGlL/VH5EYNJrdMZQqpnWN8A=
34,24,0hU+I4OJ72uOM8E9UEUX+sfwU7c=,XYuPGlL/VH5EYNJrdMZQqpnWN8A=
33,24,0hU+I4OJ72uOM8E9UEUX+sfwU7c=,XYuPGlL/VH5EYNJrdMZQqpnWN8A=
35,23,0hU+I4OJ72uOM8E9UEUX+sfwU7c=,P3X9hZYCnnnhkHQs8/PNBM/7Qos=
41,20,0hU+I4OJ72uOM8E9UEUX+sfwU7c=,cCK2cGmWFVHSkkdtwdPOWIDjFjA=
37,25,0hU+I4OJ72uOM8E9UEUX+sfwU7c=,rMiQ9+X9RCn4zecY0TixQ2LAzKA=
35,22,0hU+I4OJ72uOM8E9UEUX+sfwU7c=,P3X9hZYCnnnhkHQs8/PNBM/7Qos=
35,25,0hU+I4OJ72uOM8E9UEUX+sfwU7c=,XYuPGlL/VH5EYNJrdMZQqpnWN8A=
36,29,0hU+I4OJ72uOM8E9UEUX+sfwU7c=,Nze/WcJlz4B1K8fWLxzFHc5E9Pg=
37,29,0hU+I4OJ72uOM8E9UEUX+sfwU7c=,Nze/WcJlz4B1K8fWLxzFHc5E9Pg=
38,29,0hU+I4OJ72uOM8E9UEUX+sfwU7c=,Nze/WcJlz4B1K8fWLxzFHc5E9Pg=
36,30,0hU+I4OJ72uOM8E9UEUX+sfwU7c=,Nze/WcJlz4B1K8fWLxzFHc5E9Pg=
36,28,0hU+I4OJ72uOM8E9UEUX+sfwU7c=,Nze/WcJlz4B1K8fWLxzFHc5E9Pg=
37,30,0hU+I4OJ72uOM8E9UEUX+sfwU7c=,Nze/WcJlz4B1K8fWLxzFHc5E9Pg=
38,30,0hU+I4OJ72uOM8E9UEUX+sfwU7c=,Nze/WcJlz4B1K8fWLxzFHc5E9Pg=
39,30,0hU+I4OJ72uOM8E9UEUX+sfwU7c=,Nze/WcJlz4B1K8fWLxzFHc5E9Pg=
38,26,0hU+I4OJ72uOM8E9UEUX+sfwU7c=,rMiQ9+X9RCn4zecY0TixQ2LAzKA=
36,27,0hU+I4OJ72uOM8E9UEUX+sfwU7c=,rMiQ9+X9RCn4zecY0TixQ2LAzKA=
39,27,0hU+I4OJ72uOM8E9UEUX+sfwU7c=,rMiQ9+X9RCn4zecY0TixQ2LAzKA=
41,26,0hU+I4OJ72uOM8E9UEUX+sfwU7c=,QYhnmKMHo2FzCh+wmb4P3toWy7M=
40,28,0hU+I4OJ72uOM8E9UEUX+sfwU7c=,eS80AlOkf9ZtAhpASCtWYJxmxFQ=
36,22,0hU+I4OJ72uOM8E9UEUX+sfwU7c=,vnAXRiQ26gFShlA12ur5uUnclss=
37,28,0hU+I4OJ72uOM8E9UEUX+sfwU7c=,Nze/WcJlz4B1K8fWLxzFHc5E9Pg=
37,22,0hU+I4OJ72uOM8E9UEUX+sfwU7c=,vnAXRiQ26gFShlA12ur5uUnclss=
40,27,0hU+I4OJ72uOM8E9UEUX+sfwU7c=,QYhnmKMHo2FzCh+wmb4P3toWy7M=
39,29,0hU+I4OJ72uOM8E9UEUX+sfwU7c=,Nze/WcJlz4B1K8fWLxzFHc5E9Pg=
34,25,0hU+I4OJ72uOM8E9UEUX+sfwU7c=,XYuPGlL/VH5EYNJrdMZQqpnWN8A=
37,26,vguoI+r8rzW/JdCNQbVwTwWvuCU=,rMiQ9+X9RCn4zecY0TixQ2LAzKA=
35,27,vguoI+r8rzW/JdCNQbVwTwWvuCU=,XYuPGlL/VH5EYNJrdMZQqpnWN8A=
38,28,vguoI+r8rzW/JdCNQbVwTwWvuCU=,Nze/WcJlz4B1K8fWLxzFHc5E9Pg=
38,27,vguoI+r8rzW/JdCNQbVwTwWvuCU=,rMiQ9+X9RCn4zecY0TixQ2LAzKA=
34,26,vguoI+r8rzW/JdCNQbVwTwWvuCU=,XYuPGlL/VH5EYNJrdMZQqpnWN8A=
36,26,vguoI+r8rzW/JdCNQbVwTwWvuCU=,rMiQ9+X9RCn4zecY0TixQ2LAzKA=
41,29,vguoI+r8rzW/JdCNQbVwTwWvuCU=,eS80AlOkf9ZtAhpASCtWYJxmxFQ=
44,23,vguoI+r8rzW/JdCNQbVwTwWvuCU=,qRxUGW0dCYl7pbdVEXVcKICU60Q=
43,23,vguoI+r8rzW/JdCNQbVwTwWvuCU=,cCK2cGmWFVHSkkdtwdPOWIDjFjA=
45,23,vguoI+r8rzW/JdCNQbVwTwWvuCU=,qRxUGW0dCYl7pbdVEXVcKICU60Q=
46,23,vguoI+r8rzW/JdCNQbVwTwWvuCU=,qRxUGW0dCYl7pbdVEXVcKICU60Q=
43,24,vguoI+r8rzW/JdCNQbVwTwWvuCU=,QYhnmKMHo2FzCh+wmb4P3toWy7M=
35,26,vguoI+r8rzW/JdCNQbVwTwWvuCU=,XYuPGlL/VH5EYNJrdMZQqpnWN8A=
42,22,vguoI+r8rzW/JdCNQbVwTwWvuCU=,cCK2cGmWFVHSkkdtwdPOWIDjFjA=
42,25,vguoI+r8rzW/JdCNQbVwTwWvuCU=,QYhnmKMHo2FzCh+wmb4P3toWy7M=
44,18,vguoI+r8rzW/JdCNQbVwTwWvuCU=,jvL9RjHL56sg7oSbtt93GZpLwaY=
45,18,vguoI+r8rzW/JdCNQbVwTwWvuCU=,jvL9RjHL56sg7oSbtt93GZpLwaY=
46,18,vguoI+r8rzW/JdCNQbVwTwWvuCU=,jvL9RjHL56sg7oSbtt93GZpLwaY=
44,19,vguoI+r8rzW/JdCNQbVwTwWvuCU=,jvL9RjHL56sg7oSbtt93GZpLwaY=
45,19,vguoI+r8rzW/JdCNQbVwTwWvuCU=,jvL9RjHL56sg7oSbtt93GZpLwaY=
43,20,vguoI+r8rzW/JdCNQbVwTwWvuCU=,cCK2cGmWFVHSkkdtwdPOWIDjFjA=
46,19,vguoI+r8rzW/JdCNQbVwTwWvuCU=,jvL9RjHL56sg7oSbtt93GZpLwaY=
44,20,vguoI+r8rzW/JdCNQbVwTwWvuCU=,qRxUGW0dCYl7pbdVEXVcKICU60Q=
45,20,vguoI+r8rzW/JdCNQbVwTwWvuCU=,qRxUGW0dCYl7pbdVEXVcKICU60Q=
40,29,vguoI+r8rzW/JdCNQbVwTwWvuCU=,eS80AlOkf9ZtAhpASCtWYJxmxFQ=
37,27,vguoI+r8rzW/JdCNQbVwTwWvuCU=,rMiQ9+X9RCn4zecY0TixQ2LAzKA=
46,17,vguoI+r8rzW/JdCNQbVwTwWvuCU=,jvL9RjHL56sg7oSbtt93GZpLwaY=
45,17,vguoI+r8rzW/JdCNQbVwTwWvuCU=,jvL9RjHL56sg7oSbtt93GZpLwaY=
39,28,vguoI+r8rzW/JdCNQbVwTwWvuCU=,Nze/WcJlz4B1K8fWLxzFHc5E9Pg=
44,17,vguoI+r8rzW/JdCNQbVwTwWvuCU=,jvL9RjHL56sg7oSbtt93GZpLwaY=
42,20,vguoI+r8rzW/JdCNQbVwTwWvuCU=,cCK2cGmWFVHSkkdtwdPOWIDjFjA=
45,22,vguoI+r8rzW/JdCNQbVwTwWvuCU=,qRxUGW0dCYl7pbdVEXVcKICU60Q=
44,22,vguoI+r8rzW/JdCNQbVwTwWvuCU=,qRxUGW0dCYl7pbdVEXVcKICU60Q=
43,21,vguoI+r8rzW/JdCNQbVwTwWvuCU=,cCK2cGmWFVHSkkdtwdPOWIDjFjA=
40,20,vguoI+r8rzW/JdCNQbVwTwWvuCU=,cCK2cGmWFVHSkkdtwdPOWIDjFjA=
39,20,vguoI+r8rzW/JdCNQbVwTwWvuCU=,vnAXRiQ26gFShlA12ur5uUnclss=
43,22,vguoI+r8rzW/JdCNQbVwTwWvuCU=,cCK2cGmWFVHSkkdtwdPOWIDjFjA=
38,20,vguoI+r8rzW/JdCNQbVwTwWvuCU=,vnAXRiQ26gFShlA12ur5uUnclss=
37,20,vguoI+r8rzW/JdCNQbVwTwWvuCU=,vnAXRiQ26gFShlA12ur5uUnclss=
45,21,vguoI+r8rzW/JdCNQbVwTwWvuCU=,qRxUGW0dCYl7pbdVEXVcKICU60Q=
40,21,vguoI+r8rzW/JdCNQbVwTwWvuCU=,cCK2cGmWFVHSkkdtwdPOWIDjFjA=
44,21,vguoI+r8rzW/JdCNQbVwTwWvuCU=,qRxUGW0dCYl7pbdVEXVcKICU60Q=
34,18,vguoI+r8rzW/JdCNQbVwTwWvuCU=,Y4dAwWEUdhN4TK0FVM6QrcsU3Wk=
35,18,vguoI+r8rzW/JdCNQbVwTwWvuCU=,Y4dAwWEUdhN4TK0FVM6QrcsU3Wk=
34,17,vguoI+r8rzW/JdCNQbVwTwWvuCU=,Y4dAwWEUdhN4TK0FVM6QrcsU3Wk=
35,17,vguoI+r8rzW/JdCNQbVwTwWvuCU=,Y4dAwWEUdhN4TK0FVM6QrcsU3Wk=
33,17,vguoI+r8rzW/JdCNQbVwTwWvuCU=,Y4dAwWEUdhN4TK0FVM6QrcsU3Wk=
33,18,vguoI+r8rzW/JdCNQbVwTwWvuCU=,Y4dAwWEUdhN4TK0FVM6QrcsU3Wk=
33,19,vguoI+r8rzW/JdCNQbVwTwWvuCU=,Y4dAwWEUdhN4TK0FVM6QrcsU3Wk=
35,19,vguoI+r8rzW/JdCNQbVwTwWvuCU=,Y4dAwWEUdhN4TK0FVM6QrcsU3Wk=
34,19,vguoI+r8rzW/JdCNQbVwTwWvuCU=,Y4dAwWEUdhN4TK0FVM6QrcsU3Wk=
42,21,vguoI+r8rzW/JdCNQbVwTwWvuCU=,cCK2cGmWFVHSkkdtwdPOWIDjFjA=
47,23,vguoI+r8rzW/JdCNQbVwTwWvuCU=,qRxUGW0dCYl7pbdVEXVcKICU60Q=
39,21,vguoI+r8rzW/JdCNQbVwTwWvuCU=,vnAXRiQ26gFShlA12ur5uUnclss=
35,20,vguoI+r8rzW/JdCNQbVwTwWvuCU=,P3X9hZYCnnnhkHQs8/PNBM/7Qos=
36,20,vguoI+r8rzW/JdCNQbVwTwWvuCU=,vnAXRiQ26gFShlA12ur5uUnclss=
37,21,vguoI+r8rzW/JdCNQbVwTwWvuCU=,vnAXRiQ26gFShlA12ur5uUnclss=
41,21,vguoI+r8rzW/JdCNQbVwTwWvuCU=,cCK2cGmWFVHSkkdtwdPOWIDjFjA=
38,21,vguoI+r8rzW/JdCNQbVwTwWvuCU=,vnAXRiQ26gFShlA12ur5uUnclss=
36,21,vguoI+r8rzW/JdCNQbVwTwWvuCU=,vnAXRiQ26gFShlA12ur5uUnclss=
47,22,vguoI+r8rzW/JdCNQbVwTwWvuCU=,qRxUGW0dCYl7pbdVEXVcKICU60Q=
34,21,vguoI+r8rzW/JdCNQbVwTwWvuCU=,P3X9hZYCnnnhkHQs8/PNBM/7Qos=
35,21,vguoI+r8rzW/JdCNQbVwTwWvuCU=,P3X9hZYCnnnhkHQs8/PNBM/7Qos=
45,16,vguoI+r8rzW/JdCNQbVwTwWvuCU=,jvL9RjHL56sg7oSbtt93GZpLwaY=
44,16,vguoI+r8rzW/JdCNQbVwTwWvuCU=,jvL9RjHL56sg7oSbtt93GZpLwaY=
34,20,vguoI+r8rzW/JdCNQbVwTwWvuCU=,P3X9hZYCnnnhkHQs8/PNBM/7Qos=
46,22,vguoI+r8rzW/JdCNQbVwTwWvuCU=,qRxUGW0dCYl7pbdVEXVcKICU60Q=
47,19,vguoI+r8rzW/JdCNQbVwTwWvuCU=,jvL9RjHL56sg7oSbtt93GZpLwaY=
46,16,vguoI+r8rzW/JdCNQbVwTwWvuCU=,jvL9RjHL56sg7oSbtt93GZpLwaY=
47,18,vguoI+r8rzW/JdCNQbVwTwWvuCU=,jvL9RjHL56sg7oSbtt93GZpLwaY=
47,21,vguoI+r8rzW/JdCNQbVwTwWvuCU=,qRxUGW0dCYl7pbdVEXVcKICU60Q=
46,20,vguoI+r8rzW/JdCNQbVwTwWvuCU=,qRxUGW0dCYl7pbdVEXVcKICU60Q=
32,17,vguoI+r8rzW/JdCNQbVwTwWvuCU=,Y4dAwWEUdhN4TK0FVM6QrcsU3Wk=
32,18,vguoI+r8rzW/JdCNQbVwTwWvuCU=,Y4dAwWEUdhN4TK0FVM6QrcsU3Wk=
47,20,vguoI+r8rzW/JdCNQbVwTwWvuCU=,qRxUGW0dCYl7pbdVEXVcKICU60Q=
32,21,vguoI+r8rzW/JdCNQbVwTwWvuCU=,P3X9hZYCnnnhkHQs8/PNBM/7Qos=
33,21,vguoI+r8rzW/JdCNQbVwTwWvuCU=,P3X9hZYCnnnhkHQs8/PNBM/7Qos=
32,19,vguoI+r8rzW/JdCNQbVwTwWvuCU=,Y4dAwWEUdhN4TK0FVM6QrcsU3Wk=
33,20,vguoI+r8rzW/JdCNQbVwTwWvuCU=,P3X9hZYCnnnhkHQs8/PNBM/7Qos=
47,17,vguoI+r8rzW/JdCNQbVwTwWvuCU=,jvL9RjHL56sg7oSbtt93GZpLwaY=
32,24,vguoI+r8rzW/JdCNQbVwTwWvuCU=,XYuPGlL/VH5EYNJrdMZQqpnWN8A=
47,16,vguoI+r8rzW/JdCNQbVwTwWvuCU=,jvL9RjHL56sg7oSbtt93GZpLwaY=
32,23,vguoI+r8rzW/JdCNQbVwTwWvuCU=,P3X9hZYCnnnhkHQs8/PNBM/7Qos=
32,20,vguoI+r8rzW/JdCNQbVwTwWvuCU=,P3X9hZYCnnnhkHQs8/PNBM/7Qos=
32,25,vguoI+r8rzW/JdCNQbVwTwWvuCU=,XYuPGlL/VH5EYNJrdMZQqpnWN8A=
33,22,vguoI+r8rzW/JdCNQbVwTwWvuCU=,P3X9hZYCnnnhkHQs8/PNBM/7Qos=
32,27,vguoI+r8rzW/JdCNQbVwTwWvuCU=,XYuPGlL/VH5EYNJrdMZQqpnWN8A=
33,26,vguoI+r8rzW/JdCNQbVwTwWvuCU=,XYuPGlL/VH5EYNJrdMZQqpnWN8A=
33,25,vguoI+r8rzW/JdCNQbVwTwWvuCU=,XYuPGlL/VH5EYNJrdMZQqpnWN8A=
32,22,vguoI+r8rzW/JdCNQbVwTwWvuCU=,P3X9hZYCnnnhkHQs8/PNBM/7Qos=
34,16,vguoI+r8rzW/JdCNQbVwTwWvuCU=,Y4dAwWEUdhN4TK0FVM6QrcsU3Wk=
46,21,vguoI+r8rzW/JdCNQbVwTwWvuCU=,qRxUGW0dCYl7pbdVEXVcKICU60Q=
35,16,vguoI+r8rzW/JdCNQbVwTwWvuCU=,Y4dAwWEUdhN4TK0FVM6QrcsU3Wk=
33,16,vguoI+r8rzW/JdCNQbVwTwWvuCU=,Y4dAwWEUdhN4TK0FVM6QrcsU3Wk=
32,16,vguoI+r8rzW/JdCNQbVwTwWvuCU=,Y4dAwWEUdhN4TK0FVM6QrcsU3Wk=
37,31,vguoI+r8rzW/JdCNQbVwTwWvuCU=,Nze/WcJlz4B1K8fWLxzFHc5E9Pg=
38,31,vguoI+r8rzW/JdCNQbVwTwWvuCU=,Nze/WcJlz4B1K8fWLxzFHc5E9Pg=
32,26,vguoI+r8rzW/JdCNQbVwTwWvuCU=,XYuPGlL/VH5EYNJrdMZQqpnWN8A=
40,31,vguoI+r8rzW/JdCNQbVwTwWvuCU=,eS80AlOkf9ZtAhpASCtWYJxmxFQ=
39,31,vguoI+r8rzW/JdCNQbVwTwWvuCU=,Nze/WcJlz4B1K8fWLxzFHc5E9Pg=
36,31,vguoI+r8rzW/JdCNQbVwTwWvuCU=,Nze/WcJlz4B1K8fWLxzFHc5E9Pg=
40,30,vguoI+r8rzW/JdCNQbVwTwWvuCU=,eS80AlOkf9ZtAhpASCtWYJxmxFQ=
41,31,vguoI+r8rzW/JdCNQbVwTwWvuCU=,eS80AlOkf9ZtAhpASCtWYJxmxFQ=
41,30,vguoI+r8rzW/JdCNQbVwTwWvuCU=,eS80AlOkf9ZtAhpASCtWYJxmxFQ=
47,29,vguoI+r8rzW/JdCNQbVwTwWvuCU=,miJiPQiYQ/yLbt3XJ/n6irzd+Ug=
47,30,vguoI+r8rzW/JdCNQbVwTwWvuCU=,miJiPQiYQ/yLbt3XJ/n6irzd+Ug=
43,30,vguoI+r8rzW/JdCNQbVwTwWvuCU=,eS80AlOkf9ZtAhpASCtWYJxmxFQ=
46,29,vguoI+r8rzW/JdCNQbVwTwWvuCU=,miJiPQiYQ/yLbt3XJ/n6irzd+Ug=
45,29,vguoI+r8rzW/JdCNQbVwTwWvuCU=,miJiPQiYQ/yLbt3XJ/n6irzd+Ug=
47,28,vguoI+r8rzW/JdCNQbVwTwWvuCU=,miJiPQiYQ/yLbt3XJ/n6irzd+Ug=
46,28,vguoI+r8rzW/JdCNQbVwTwWvuCU=,miJiPQiYQ/yLbt3XJ/n6irzd+Ug=
45,28,vguoI+r8rzW/JdCNQbVwTwWvuCU=,miJiPQiYQ/yLbt3XJ/n6irzd+Ug=
42,29,vguoI+r8rzW/JdCNQbVwTwWvuCU=,eS80AlOkf9ZtAhpASCtWYJxmxFQ=
43,31,vguoI+r8rzW/JdCNQbVwTwWvuCU=,eS80AlOkf9ZtAhpASCtWYJxmxFQ=
43,27,vguoI+r8rzW/JdCNQbVwTwWvuCU=,QYhnmKMHo2FzCh+wmb4P3toWy7M=
44,28,vguoI+r8rzW/JdCNQbVwTwWvuCU=,miJiPQiYQ/yLbt3XJ/n6irzd+Ug=
42,26,vguoI+r8rzW/JdCNQbVwTwWvuCU=,QYhnmKMHo2FzCh+wmb4P3toWy7M=
43,29,vguoI+r8rzW/JdCNQbVwTwWvuCU=,eS80AlOkf9ZtAhpASCtWYJxmxFQ=
44,30,vguoI+r8rzW/JdCNQbVwTwWvuCU=,miJiPQiYQ/yLbt3XJ/n6irzd+Ug=
43,28,vguoI+r8rzW/JdCNQbVwTwWvuCU=,eS80AlOkf9ZtAhpASCtWYJxmxFQ=
42,27,vguoI+r8rzW/JdCNQbVwTwWvuCU=,QYhnmKMHo2FzCh+wmb4P3toWy7M=
42,30,vguoI+r8rzW/JdCNQbVwTwWvuCU=,eS80AlOkf9ZtAhpASCtWYJxmxFQ=
46,30,vguoI+r8rzW/JdCNQbVwTwWvuCU=,miJiPQiYQ/yLbt3XJ/n6irzd+Ug=
47,31,vguoI+r8rzW/JdCNQbVwTwWvuCU=,miJiPQiYQ/yLbt3XJ/n6irzd+Ug=
42,31,vguoI+r8rzW/JdCNQbVwTwWvuCU=,eS80AlOkf9ZtAhpASCtWYJxmxFQ=
45,31,vguoI+r8rzW/JdCNQbVwTwWvuCU=,miJiPQiYQ/yLbt3XJ/n6irzd+Ug=
44,31,vguoI+r8rzW/JdCNQbVwTwWvuCU=,miJiPQiYQ/yLbt3XJ/n6irzd+Ug=
44,29,vguoI+r8rzW/JdCNQbVwTwWvuCU=,miJiPQiYQ/yLbt3XJ/n6irzd+Ug=
46,31,vguoI+r8rzW/JdCNQbVwTwWvuCU=,miJiPQiYQ/yLbt3XJ/n6irzd+Ug=
45,30,vguoI+r8rzW/JdCNQbVwTwWvuCU=,miJiPQiYQ/yLbt3XJ/n6irzd+Ug=
54,22,3kjC+B4tpF6qyzEvCGij+85DPV0=,o29flYI/EVxVLd4C4ztFA5MtOYE=
54,21,3kjC+B4tpF6qyzEvCGij+85DPV0=,o29flYI/EVxVLd4C4ztFA5MtOYE=
57,17,3kjC+B4tpF6qyzEvCGij+85DPV0=,y1l/496NxycfRLCuDpTL7oNe0t0=
58,18,3kjC+B4tpF6qyzEvCGij+85DPV0=,y1l/496NxycfRLCuDpTL7oNe0t0=
57,18,3kjC+B4tpF6qyzEvCGij+85DPV0=,y1l/496NxycfRLCuDpTL7oNe0t0=
58,17,3kjC+B4tpF6qyzEvCGij+85DPV0=,y1l/496NxycfRLCuDpTL7oNe0t0=
50,20,3kjC+B4tpF6qyzEvCGij+85DPV0=,e2h0XtooGMeYNz1sRDTtqL4E3xU=
50,16,3kjC+B4tpF6qyzEvCGij+85DPV0=,pP9wJ2S4rzUW62QnkehZAdhmY/o=
49,16,3kjC+B4tpF6qyzEvCGij+85DPV0=,pP9wJ2S4rzUW62QnkehZAdhmY/o=
49,17,3kjC+B4tpF6qyzEvCGij+85DPV0=,pP9wJ2S4rzUW62QnkehZAdhmY/o=
55,22,3kjC+B4tpF6qyzEvCGij+85DPV0=,o29flYI/EVxVLd4C4ztFA5MtOYE=
57,19,3kjC+B4tpF6qyzEvCGij+85DPV0=,y1l/496NxycfRLCuDpTL7oNe0t0=
58,19,3kjC+B4tpF6qyzEvCGij+85DPV0=,y1l/496NxycfRLCuDpTL7oNe0t0=
55,21,3kjC+B4tpF6qyzEvCGij+85DPV0=,o29flYI/EVxVLd4C4ztFA5MtOYE=
51,20,3kjC+B4tpF6qyzEvCGij+85DPV0=,e2h0XtooGMeYNz1sRDTtqL4E3xU=
56,19,3kjC+B4tpF6qyzEvCGij+85DPV0=,y1l/496NxycfRLCuDpTL7oNe0t0=
55,19,3kjC+B4tpF6qyzEvCGij+85DPV0=,8MEVOWsFxfaQgbwQ6kP49it3vmg=
51,19,3kjC+B4tpF6qyzEvCGij+85DPV0=,pP9wJ2S4rzUW62QnkehZAdhmY/o=
54,19,3kjC+B4tpF6qyzEvCGij+85DPV0=,8MEVOWsFxfaQgbwQ6kP49it3vmg=
51,16,3kjC+B4tpF6qyzEvCGij+85DPV0=,pP9wJ2S4rzUW62QnkehZAdhmY/o=
50,17,3kjC+B4tpF6qyzEvCGij+85DPV0=,pP9wJ2S4rzUW62QnkehZAdhmY/o=
56,18,3kjC+B4tpF6qyzEvCGij+85DPV0=,y1l/496NxycfRLCuDpTL7oNe0t0=
50,19,3kjC+B4tpF6qyzEvCGij+85DPV0=,pP9wJ2S4rzUW62QnkehZAdhmY/o=
49,23,iff/C54xi4D8DpUSCM4ev+iYCOE=,e2h0XtooGMeYNz1sRDTtqL4E3xU=
50,23,iff/C54xi4D8DpUSCM4ev+iYCOE=,e2h0XtooGMeYNz1sRDTtqL4E3xU=
59,17,iff/C54xi4D8DpUSCM4ev+iYCOE=,y1l/496NxycfRLCuDpTL7oNe0t0=
59,18,iff/C54xi4D8DpUSCM4ev+iYCOE=,y1l/496NxycfRLCuDpTL7oNe0t0=
59,19,iff/C54xi4D8DpUSCM4ev+iYCOE=,y1l/496NxycfRLCuDpTL7oNe0t0=
49,30,iff/C54xi4D8DpUSCM4ev+iYCOE=,/LOTing8oQ7at1pz3K1b2/Q4E0E=
50,30,iff/C54xi4D8DpUSCM4ev+iYCOE=,/LOTing8oQ7at1pz3K1b2/Q4E0E=
50,28,iff/C54xi4D8DpUSCM4ev+iYCOE=,/LOTing8oQ7at1pz3K1b2/Q4E0E=
49,28,iff/C54xi4D8DpUSCM4ev+iYCOE=,/LOTing8oQ7at1pz3K1b2/Q4E0E=
49,29,iff/C54xi4D8DpUSCM4ev+iYCOE=,/LOTing8oQ7at1pz3K1b2/Q4E0E=
50,29,iff/C54xi4D8DpUSCM4ev+iYCOE=,/LOTing8oQ7at1pz3K1b2/Q4E0E=
48,23,iff/C54xi4D8DpUSCM4ev+iYCOE=,e2h0XtooGMeYNz1sRDTtqL4E3xU=
55,18,iff/C54xi4D8DpUSCM4ev+iYCOE=,8MEVOWsFxfaQgbwQ6kP49it3vmg=
54,18,iff/C54xi4D8DpUSCM4ev+iYCOE=,8MEVOWsFxfaQgbwQ6kP49it3vmg=
51,18,iff/C54xi4D8DpUSCM4ev+iYCOE=,pP9wJ2S4rzUW62QnkehZAdhmY/o=
51,17,iff/C54xi4D8DpUSCM4ev+iYCOE=,pP9wJ2S4rzUW62QnkehZAdhmY/o=
52,16,iff/C54xi4D8DpUSCM4ev+iYCOE=,8MEVOWsFxfaQgbwQ6kP49it3vmg=
52,17,iff/C54xi4D8DpUSCM4ev+iYCOE=,8MEVOWsFxfaQgbwQ6kP49it3vmg=
51,21,iff/C54xi4D8DpUSCM4ev+iYCOE=,e2h0XtooGMeYNz1sRDTtqL4E3xU=
48,18,iff/C54xi4D8DpUSCM4ev+iYCOE=,pP9wJ2S4rzUW62QnkehZAdhmY/o=
53,18,iff/C54xi4D8DpUSCM4ev+iYCOE=,8MEVOWsFxfaQgbwQ6kP49it3vmg=
53,16,iff/C54xi4D8DpUSCM4ev+iYCOE=,8MEVOWsFxfaQgbwQ6kP49it3vmg=
50,21,iff/C54xi4D8DpUSCM4ev+iYCOE=,e2h0XtooGMeYNz1sRDTtqL4E3xU=
53,17,iff/C54xi4D8DpUSCM4ev+iYCOE=,8MEVOWsFxfaQgbwQ6kP49it3vmg=
52,20,iff/C54xi4D8DpUSCM4ev+iYCOE=,o29flYI/EVxVLd4C4ztFA5MtOYE=
51,30,iff/C54xi4D8DpUSCM4ev+iYCOE=,/LOTing8oQ7at1pz3K1b2/Q4E0E=
51,29,iff/C54xi4D8DpUSCM4ev+iYCOE=,/LOTing8oQ7at1pz3K1b2/Q4E0E=
52,23,iff/C54xi4D8DpUSCM4ev+iYCOE=,o29flYI/EVxVLd4C4ztFA5MtOYE=
53,23,iff/C54xi4D8DpUSCM4ev+iYCOE=,o29flYI/EVxVLd4C4ztFA5MtOYE=
54,23,iff/C54xi4D8DpUSCM4ev+iYCOE=,o29flYI/EVxVLd4C4ztFA5MtOYE=
51,28,iff/C54xi4D8DpUSCM4ev+iYCOE=,/LOTing8oQ7at1pz3K1b2/Q4E0E=
51,23,iff/C54xi4D8DpUSCM4ev+iYCOE=,e2h0XtooGMeYNz1sRDTtqL4E3xU=
58,16,iff/C54xi4D8DpUSCM4ev+iYCOE=,y1l/496NxycfRLCuDpTL7oNe0t0=
59,16,iff/C54xi4D8DpUSCM4ev+iYCOE=,y1l/496NxycfRLCuDpTL7oNe0t0=
53,19,iff/C54xi4D8DpUSCM4ev+iYCOE=,8MEVOWsFxfaQgbwQ6kP49it3vmg=
55,23,iff/C54xi4D8DpUSCM4ev+iYCOE=,o29flYI/EVxVLd4C4ztFA5MtOYE=
54,16,iff/C54xi4D8DpUSCM4ev+iYCOE=,8MEVOWsFxfaQgbwQ6kP49it3vmg=
52,19,iff/C54xi4D8DpUSCM4ev+iYCOE=,8MEVOWsFxfaQgbwQ6kP49it3vmg=
57,16,iff/C54xi4D8DpUSCM4ev+iYCOE=,y1l/496NxycfRLCuDpTL7oNe0t0=
56,16,iff/C54xi4D8DpUSCM4ev+iYCOE=,y1l/496NxycfRLCuDpTL7oNe0t0=
56,17,iff/C54xi4D8DpUSCM4ev+iYCOE=,y1l/496NxycfRLCuDpTL7oNe0t0=
55,16,iff/C54xi4D8DpUSCM4ev+iYCOE=,8MEVOWsFxfaQgbwQ6kP49it3vmg=
48,19,iff/C54xi4D8DpUSCM4ev+iYCOE=,pP9wJ2S4rzUW62QnkehZAdhmY/o=
48,22,iff/C54xi4D8DpUSCM4ev+iYCOE=,e2h0XtooGMeYNz1sRDTtqL4E3xU=
50,18,iff/C54xi4D8DpUSCM4ev+iYCOE=,pP9wJ2S4rzUW62QnkehZAdhmY/o=
49,19,iff/C54xi4D8DpUSCM4ev+iYCOE=,pP9wJ2S4rzUW62QnkehZAdhmY/o=
50,31,iff/C54xi4D8DpUSCM4ev+iYCOE=,/LOTing8oQ7at1pz3K1b2/Q4E0E=
49,31,iff/C54xi4D8DpUSCM4ev+iYCOE=,/LOTing8oQ7at1pz3K1b2/Q4E0E=
53,20,iff/C54xi4D8DpUSCM4ev+iYCOE=,o29flYI/EVxVLd4C4ztFA5MtOYE=
48,30,iff/C54xi4D8DpUSCM4ev+iYCOE=,/LOTing8oQ7at1pz3K1b2/Q4E0E=
48,28,iff/C54xi4D8DpUSCM4ev+iYCOE=,/LOTing8oQ7at1pz3K1b2/Q4E0E=
48,29,iff/C54xi4D8DpUSCM4ev+iYCOE=,/LOTing8oQ7at1pz3K1b2/Q4E0E=
51,31,iff/C54xi4D8DpUSCM4ev+iYCOE=,/LOTing8oQ7at1pz3K1b2/Q4E0E=
55,20,iff/C54xi4D8DpUSCM4ev+iYCOE=,o29flYI/EVxVLd4C4ztFA5MtOYE=
51,22,iff/C54xi4D8DpUSCM4ev+iYCOE=,e2h0XtooGMeYNz1sRDTtqL4E3xU=
55,17,iff/C54xi4D8DpUSCM4ev+iYCOE=,8MEVOWsFxfaQgbwQ6kP49it3vmg=
52,21,iff/C54xi4D8DpUSCM4ev+iYCOE=,o29flYI/EVxVLd4C4ztFA5MtOYE=
48,20,iff/C54xi4D8DpUSCM4ev+iYCOE=,e2h0XtooGMeYNz1sRDTtqL4E3xU=
48,16,iff/C54xi4D8DpUSCM4ev+iYCOE=,pP9wJ2S4rzUW62QnkehZAdhmY/o=
54,20,iff/C54xi4D8DpUSCM4ev+iYCOE=,o29flYI/EVxVLd4C4ztFA5MtOYE=
54,17,iff/C54xi4D8DpUSCM4ev+iYCOE=,8MEVOWsFxfaQgbwQ6kP49it3vmg=
49,18,iff/C54xi4D8DpUSCM4ev+iYCOE=,pP9wJ2S4rzUW62QnkehZAdhmY/o=
53,22,iff/C54xi4D8DpUSCM4ev+iYCOE=,o29flYI/EVxVLd4C4ztFA5MtOYE=
49,22,iff/C54xi4D8DpUSCM4ev+iYCOE=,e2h0XtooGMeYNz1sRDTtqL4E3xU=
50,22,iff/C54xi4D8DpUSCM4ev+iYCOE=,e2h0XtooGMeYNz1sRDTtqL4E3xU=
49,21,iff/C54xi4D8DpUSCM4ev+iYCOE=,e2h0XtooGMeYNz1sRDTtqL4E3xU=
48,31,iff/C54xi4D8DpUSCM4ev+iYCOE=,/LOTing8oQ7at1pz3K1b2/Q4E0E=
48,17,iff/C54xi4D8DpUSCM4ev+iYCOE=,pP9wJ2S4rzUW62QnkehZAdhmY/o=
52,22,iff/C54xi4D8DpUSCM4ev+iYCOE=,o29flYI/EVxVLd4C4ztFA5MtOYE=
48,21,iff/C54xi4D8DpUSCM4ev+iYCOE=,e2h0XtooGMeYNz1sRDTtqL4E3xU=
52,18,iff/C54xi4D8DpUSCM4ev+iYCOE=,8MEVOWsFxfaQgbwQ6kP49it3vmg=
49,20,iff/C54xi4D8DpUSCM4ev+iYCOE=,e2h0XtooGMeYNz1sRDTtqL4E3xU=
53,21,WI8e32/ECPdv8cyqi1PDqt++TH8=,o29flYI/EVxVLd4C4ztFA5MtOYE=
60,9,WI8e32/ECPdv8cyqi1PDqt++TH8=,5EPo2RBiuwpXTFTMqgTZD8oU848=
61,10,WI8e32/ECPdv8cyqi1PDqt++TH8=,5EPo2RBiuwpXTFTMqgTZD8oU848=
60,10,WI8e32/ECPdv8cyqi1PDqt++TH8=,5EPo2RBiuwpXTFTMqgTZD8oU848=
62,9,WI8e32/ECPdv8cyqi1PDqt++TH8=,5EPo2RBiuwpXTFTMqgTZD8oU848=
61,9,WI8e32/ECPdv8cyqi1PDqt++TH8=,5EPo2RBiuwpXTFTMqgTZD8oU848=
62,10,WI8e32/ECPdv8cyqi1PDqt++TH8=,5EPo2RBiuwpXTFTMqgTZD8oU848=
57,12,WI8e32/ECPdv8cyqi1PDqt++TH8=,DR23BASVc9WMH6T+RbTdBrJqkfI=
58,13,WI8e32/ECPdv8cyqi1PDqt++TH8=,DR23BASVc9WMH6T+RbTdBrJqkfI=
57,13,WI8e32/ECPdv8cyqi1PDqt++TH8=,DR23BASVc9WMH6T+RbTdBrJqkfI=
58,12,WI8e32/ECPdv8cyqi1PDqt++TH8=,DR23BASVc9WMH6T+RbTdBrJqkfI=
56,13,WI8e32/ECPdv8cyqi1PDqt++TH8=,DR23BASVc9WMH6T+RbTdBrJqkfI=
55,13,WI8e32/ECPdv8cyqi1PDqt++TH8=,35lqfb19QSNtalhRKyhWF4mLKHg=
55,14,WI8e32/ECPdv8cyqi1PDqt++TH8=,35lqfb19QSNtalhRKyhWF4mLKHg=
54,13,WI8e32/ECPdv8cyqi1PDqt++TH8=,35lqfb19QSNtalhRKyhWF4mLKHg=
56,14,WI8e32/ECPdv8cyqi1PDqt++TH8=,DR23BASVc9WMH6T+RbTdBrJqkfI=
54,14,WI8e32/ECPdv8cyqi1PDqt++TH8=,35lqfb19QSNtalhRKyhWF4mLKHg=
60,12,WI8e32/ECPdv8cyqi1PDqt++TH8=,X2l7HhNjjFvGxoTHjKX7Lkyj2wM=
62,11,WI8e32/ECPdv8cyqi1PDqt++TH8=,5EPo2RBiuwpXTFTMqgTZD8oU848=
61,11,WI8e32/ECPdv8cyqi1PDqt++TH8=,5EPo2RBiuwpXTFTMqgTZD8oU848=
62,14,WI8e32/ECPdv8cyqi1PDqt++TH8=,X2l7HhNjjFvGxoTHjKX7Lkyj2wM=
59,13,WI8e32/ECPdv8cyqi1PDqt++TH8=,DR23BASVc9WMH6T+RbTdBrJqkfI=
60,11,WI8e32/ECPdv8cyqi1PDqt++TH8=,5EPo2RBiuwpXTFTMqgTZD8oU848=
59,12,WI8e32/ECPdv8cyqi1PDqt++TH8=,DR23BASVc9WMH6T+RbTdBrJqkfI=
61,12,WI8e32/ECPdv8cyqi1PDqt++TH8=,X2l7HhNjjFvGxoTHjKX7Lkyj2wM=
60,13,WI8e32/ECPdv8cyqi1PDqt++TH8=,X2l7HhNjjFvGxoTHjKX7Lkyj2wM=
61,13,WI8e32/ECPdv8cyqi1PDqt++TH8=,X2l7HhNjjFvGxoTHjKX7Lkyj2wM=
54,10,WI8e32/ECPdv8cyqi1PDqt++TH8=,ynR0sgPfb9AYFmQOlHvWRyQsty0=
55,10,WI8e32/ECPdv8cyqi1PDqt++TH8=,ynR0sgPfb9AYFmQOlHvWRyQsty0=
54,11,WI8e32/ECPdv8cyqi1PDqt++TH8=,ynR0sgPfb9AYFmQOlHvWRyQsty0=
55,11,WI8e32/ECPdv8cyqi1PDqt++TH8=,ynR0sgPfb9AYFmQOlHvWRyQsty0=
56,12,WI8e32/ECPdv8cyqi1PDqt++TH8=,DR23BASVc9WMH6T+RbTdBrJqkfI=
54,12,WI8e32/ECPdv8cyqi1PDqt++TH8=,35lqfb19QSNtalhRKyhWF4mLKHg=
55,12,WI8e32/ECPdv8cyqi1PDqt++TH8=,35lqfb19QSNtalhRKyhWF4mLKHg=
55,9,WI8e32/ECPdv8cyqi1PDqt++TH8=,ynR0sgPfb9AYFmQOlHvWRyQsty0=
53,5,W9DrhaKCRJazm4KmEgfstVJWSV4=,+53F5sZFuIV3+NLbexczILlp/nc=
53,7,W9DrhaKCRJazm4KmEgfstVJWSV4=,+53F5sZFuIV3+NLbexczILlp/nc=
54,6,W9DrhaKCRJazm4KmEgfstVJWSV4=,+53F5sZFuIV3+NLbexczILlp/nc=
53,6,W9DrhaKCRJazm4KmEgfstVJWSV4=,+53F5sZFuIV3+NLbexczILlp/nc=
54,7,W9DrhaKCRJazm4KmEgfstVJWSV4=,+53F5sZFuIV3+NLbexczILlp/nc=
54,5,W9DrhaKCRJazm4KmEgfstVJWSV4=,+53F5sZFuIV3+NLbexczILlp/nc=
49,14,W9DrhaKCRJazm4KmEgfstVJWSV4=,N3NAJALXsJWUejsgWXcrEd9rNY8=
50,14,W9DrhaKCRJazm4KmEgfstVJWSV4=,N3NAJALXsJWUejsgWXcrEd9rNY8=
51,14,W9DrhaKCRJazm4KmEgfstVJWSV4=,N3NAJALXsJWUejsgWXcrEd9rNY8=
57,1,W9DrhaKCRJazm4KmEgfstVJWSV4=,/o+CO3vOdAlI4gBGnKMeXazsRNk=
56,2,W9DrhaKCRJazm4KmEgfstVJWSV4=,/o+CO3vOdAlI4gBGnKMeXazsRNk=
56,1,W9DrhaKCRJazm4KmEgfstVJWSV4=,/o+CO3vOdAlI4gBGnKMeXazsRNk=
54,4,W9DrhaKCRJazm4KmEgfstVJWSV4=,+53F5sZFuIV3+NLbexczILlp/nc=
53,4,W9DrhaKCRJazm4KmEgfstVJWSV4=,+53F5sZFuIV3+NLbexczILlp/nc=
58,7,OaNhEf87Xsf5aZB59HbqnniejT8=,ev5rCM89Z9Q4kdyuaxXeqwlNPaU=
57,7,OaNhEf87Xsf5aZB59HbqnniejT8=,ev5rCM89Z9Q4kdyuaxXeqwlNPaU=
58,4,OaNhEf87Xsf5aZB59HbqnniejT8=,ev5rCM89Z9Q4kdyuaxXeqwlNPaU=
60,8,OaNhEf87Xsf5aZB59HbqnniejT8=,5EPo2RBiuwpXTFTMqgTZD8oU848=
61,8,OaNhEf87Xsf5aZB59HbqnniejT8=,5EPo2RBiuwpXTFTMqgTZD8oU848=
62,8,OaNhEf87Xsf5aZB59HbqnniejT8=,5EPo2RBiuwpXTFTMqgTZD8oU848=
59,5,OaNhEf87Xsf5aZB59HbqnniejT8=,ev5rCM89Z9Q4kdyuaxXeqwlNPaU=
57,2,OaNhEf87Xsf5aZB59HbqnniejT8=,/o+CO3vOdAlI4gBGnKMeXazsRNk=
58,6,OaNhEf87Xsf5aZB59HbqnniejT8=,ev5rCM89Z9Q4kdyuaxXeqwlNPaU=
59,7,OaNhEf87Xsf5aZB59HbqnniejT8=,ev5rCM89Z9Q4kdyuaxXeqwlNPaU=
59,6,OaNhEf87Xsf5aZB59HbqnniejT8=,ev5rCM89Z9Q4kdyuaxXeqwlNPaU=
55,5,OaNhEf87Xsf5aZB59HbqnniejT8=,+53F5sZFuIV3+NLbexczILlp/nc=
55,6,OaNhEf87Xsf5aZB59HbqnniejT8=,+53F5sZFuIV3+NLbexczILlp/nc=
54,8,OaNhEf87Xsf5aZB59HbqnniejT8=,ynR0sgPfb9AYFmQOlHvWRyQsty0=
54,9,OaNhEf87Xsf5aZB59HbqnniejT8=,ynR0sgPfb9AYFmQOlHvWRyQsty0=
57,3,OaNhEf87Xsf5aZB59HbqnniejT8=,/o+CO3vOdAlI4gBGnKMeXazsRNk=
56,3,OaNhEf87Xsf5aZB59HbqnniejT8=,/o+CO3vOdAlI4gBGnKMeXazsRNk=
52,5,OaNhEf87Xsf5aZB59HbqnniejT8=,+53F5sZFuIV3+NLbexczILlp/nc=
52,6,OaNhEf87Xsf5aZB59HbqnniejT8=,+53F5sZFuIV3+NLbexczILlp/nc=
57,4,OaNhEf87Xsf5aZB59HbqnniejT8=,ev5rCM89Z9Q4kdyuaxXeqwlNPaU=
56,5,OaNhEf87Xsf5aZB59HbqnniejT8=,ev5rCM89Z9Q4kdyuaxXeqwlNPaU=
56,4,OaNhEf87Xsf5aZB59HbqnniejT8=,ev5rCM89Z9Q4kdyuaxXeqwlNPaU=
55,8,OaNhEf87Xsf5aZB59HbqnniejT8=,ynR0sgPfb9AYFmQOlHvWRyQsty0=
55,4,OaNhEf87Xsf5aZB59HbqnniejT8=,+53F5sZFuIV3+NLbexczILlp/nc=
57,6,OaNhEf87Xsf5aZB59HbqnniejT8=,ev5rCM89Z9Q4kdyuaxXeqwlNPaU=
56,7,OaNhEf87Xsf5aZB59HbqnniejT8=,ev5rCM89Z9Q4kdyuaxXeqwlNPaU=
55,7,OaNhEf87Xsf5aZB59HbqnniejT8=,+53F5sZFuIV3+NLbexczILlp/nc=
56,6,OaNhEf87Xsf5aZB59HbqnniejT8=,ev5rCM89Z9Q4kdyuaxXeqwlNPaU=
57,5,OaNhEf87Xsf5aZB59HbqnniejT8=,ev5rCM89Z9Q4kdyuaxXeqwlNPaU=
52,7,g3a2f4vzE6K2PnLgHGCKFpVOg6M=,+53F5sZFuIV3+NLbexczILlp/nc=
51,8,g3a2f4vzE6K2PnLgHGCKFpVOg6M=,4mPxjq+G5GncNIiNtCnVH3163Dw=
51,7,g3a2f4vzE6K2PnLgHGCKFpVOg6M=,YvfZBqCFJnCdNwSsSJOFpYEzkKE=
52,8,g3a2f4vzE6K2PnLgHGCKFpVOg6M=,ynR0sgPfb9AYFmQOlHvWRyQsty0=
51,6,g3a2f4vzE6K2PnLgHGCKFpVOg6M=,YvfZBqCFJnCdNwSsSJOFpYEzkKE=
53,13,g3a2f4vzE6K2PnLgHGCKFpVOg6M=,35lqfb19QSNtalhRKyhWF4mLKHg=
53,10,g3a2f4vzE6K2PnLgHGCKFpVOg6M=,ynR0sgPfb9AYFmQOlHvWRyQsty0=
53,11,g3a2f4vzE6K2PnLgHGCKFpVOg6M=,ynR0sgPfb9AYFmQOlHvWRyQsty0=
53,8,g3a2f4vzE6K2PnLgHGCKFpVOg6M=,ynR0sgPfb9AYFmQOlHvWRyQsty0=
53,12,g3a2f4vzE6K2PnLgHGCKFpVOg6M=,35lqfb19QSNtalhRKyhWF4mLKHg=
51,13,g3a2f4vzE6K2PnLgHGCKFpVOg6M=,N3NAJALXsJWUejsgWXcrEd9rNY8=
50,12,Sk48okydYIcSh3TPzsMGR5o7IF8=,N3NAJALXsJWUejsgWXcrEd9rNY8=
53,9,Sk48okydYIcSh3TPzsMGR5o7IF8=,ynR0sgPfb9AYFmQOlHvWRyQsty0=
50,6,Sk48okydYIcSh3TPzsMGR5o7IF8=,YvfZBqCFJnCdNwSsSJOFpYEzkKE=
50,7,Sk48okydYIcSh3TPzsMGR5o7IF8=,YvfZBqCFJnCdNwSsSJOFpYEzkKE=
52,13,aFPgbyFquqk70AkukfcGpk/X6+I=,35lqfb19QSNtalhRKyhWF4mLKHg=
52,10,aFPgbyFquqk70AkukfcGpk/X6+I=,ynR0sgPfb9AYFmQOlHvWRyQsty0=
50,13,aFPgbyFquqk70AkukfcGpk/X6+I=,N3NAJALXsJWUejsgWXcrEd9rNY8=
51,9,aFPgbyFquqk70AkukfcGpk/X6+I=,4mPxjq+G5GncNIiNtCnVH3163Dw=
52,11,aFPgbyFquqk70AkukfcGpk/X6+I=,ynR0sgPfb9AYFmQOlHvWRyQsty0=
50,11,aFPgbyFquqk70AkukfcGpk/X6+I=,4mPxjq+G5GncNIiNtCnVH3163Dw=
50,9,aFPgbyFquqk70AkukfcGpk/X6+I=,4mPxjq+G5GncNIiNtCnVH3163Dw=
50,15,aFPgbyFquqk70AkukfcGpk/X6+I=,N3NAJALXsJWUejsgWXcrEd9rNY8=
49,15,aFPgbyFquqk70AkukfcGpk/X6+I=,N3NAJALXsJWUejsgWXcrEd9rNY8=
50,8,aFPgbyFquqk70AkukfcGpk/X6+I=,4mPxjq+G5GncNIiNtCnVH3163Dw=
50,10,aFPgbyFquqk70AkukfcGpk/X6+I=,4mPxjq+G5GncNIiNtCnVH3163Dw=
52,9,aFPgbyFquqk70AkukfcGpk/X6+I=,ynR0sgPfb9AYFmQOlHvWRyQsty0=
52,12,aFPgbyFquqk70AkukfcGpk/X6+I=,35lqfb19QSNtalhRKyhWF4mLKHg=
51,12,aFPgbyFquqk70AkukfcGpk/X6+I=,N3NAJALXsJWUejsgWXcrEd9rNY8=
49,7,aFPgbyFquqk70AkukfcGpk/X6+I=,YvfZBqCFJnCdNwSsSJOFpYEzkKE=
60,15,aFPgbyFquqk70AkukfcGpk/X6+I=,X2l7HhNjjFvGxoTHjKX7Lkyj2wM=
61,15,aFPgbyFquqk70AkukfcGpk/X6+I=,X2l7HhNjjFvGxoTHjKX7Lkyj2wM=
62,15,aFPgbyFquqk70AkukfcGpk/X6+I=,X2l7HhNjjFvGxoTHjKX7Lkyj2wM=
58,15,aFPgbyFquqk70AkukfcGpk/X6+I=,DR23BASVc9WMH6T+RbTdBrJqkfI=
59,14,aFPgbyFquqk70AkukfcGpk/X6+I=,DR23BASVc9WMH6T+RbTdBrJqkfI=
58,14,aFPgbyFquqk70AkukfcGpk/X6+I=,DR23BASVc9WMH6T+RbTdBrJqkfI=
59,15,aFPgbyFquqk70AkukfcGpk/X6+I=,DR23BASVc9WMH6T+RbTdBrJqkfI=
60,14,aFPgbyFquqk70AkukfcGpk/X6+I=,X2l7HhNjjFvGxoTHjKX7Lkyj2wM=
61,14,aFPgbyFquqk70AkukfcGpk/X6+I=,X2l7HhNjjFvGxoTHjKX7Lkyj2wM=
49,12,aFPgbyFquqk70AkukfcGpk/X6+I=,N3NAJALXsJWUejsgWXcrEd9rNY8=
51,11,aFPgbyFquqk70AkukfcGpk/X6+I=,4mPxjq+G5GncNIiNtCnVH3163Dw=
51,10,aFPgbyFquqk70AkukfcGpk/X6+I=,4mPxjq+G5GncNIiNtCnVH3163Dw=
48,1,aFPgbyFquqk70AkukfcGpk/X6+I=,2Lar8LrviQVp3okwExOYekiw9ig=
48,3,aFPgbyFquqk70AkukfcGpk/X6+I=,2Lar8LrviQVp3okwExOYekiw9ig=
52,4,aFPgbyFquqk70AkukfcGpk/X6+I=,+53F5sZFuIV3+NLbexczILlp/nc=
48,2,aFPgbyFquqk70AkukfcGpk/X6+I=,2Lar8LrviQVp3okwExOYekiw9ig=
48,4,aFPgbyFquqk70AkukfcGpk/X6+I=,YvfZBqCFJnCdNwSsSJOFpYEzkKE=
48,12,aFPgbyFquqk70AkukfcGpk/X6+I=,N3NAJALXsJWUejsgWXcrEd9rNY8=
51,0,aFPgbyFquqk70AkukfcGpk/X6+I=,2Lar8LrviQVp3okwExOYekiw9ig=
48,10,aFPgbyFquqk70AkukfcGpk/X6+I=,4mPxjq+G5GncNIiNtCnVH3163Dw=
49,6,aFPgbyFquqk70AkukfcGpk/X6+I=,YvfZBqCFJnCdNwSsSJOFpYEzkKE=
51,4,aFPgbyFquqk70AkukfcGpk/X6+I=,YvfZBqCFJnCdNwSsSJOFpYEzkKE=
48,8,aFPgbyFquqk70AkukfcGpk/X6+I=,4mPxjq+G5GncNIiNtCnVH3163Dw=
51,1,aFPgbyFquqk70AkukfcGpk/X6+I=,2Lar8LrviQVp3okwExOYekiw9ig=
49,13,aFPgbyFquqk70AkukfcGpk/X6+I=,N3NAJALXsJWUejsgWXcrEd9rNY8=
48,6,aFPgbyFquqk70AkukfcGpk/X6+I=,YvfZBqCFJnCdNwSsSJOFpYEzkKE=
56,0,aFPgbyFquqk70AkukfcGpk/X6+I=,/o+CO3vOdAlI4gBGnKMeXazsRNk=
57,0,aFPgbyFquqk70AkukfcGpk/X6+I=,/o+CO3vOdAlI4gBGnKMeXazsRNk=
48,7,aFPgbyFquqk70AkukfcGpk/X6+I=,YvfZBqCFJnCdNwSsSJOFpYEzkKE=
48,11,twAHKY0r4dS2Y0NsoFW5PKoWC3k=,4mPxjq+G5GncNIiNtCnVH3163Dw=
51,3,twAHKY0r4dS2Y0NsoFW5PKoWC3k=,2Lar8LrviQVp3okwExOYekiw9ig=
48,9,twAHKY0r4dS2Y0NsoFW5PKoWC3k=,4mPxjq+G5GncNIiNtCnVH3163Dw=
49,11,CmnP3kDwA6w/7Nh8Stb888gPZck=,4mPxjq+G5GncNIiNtCnVH3163Dw=
50,4,CmnP3kDwA6w/7Nh8Stb888gPZck=,YvfZBqCFJnCdNwSsSJOFpYEzkKE=
49,9,CmnP3kDwA6w/7Nh8Stb888gPZck=,4mPxjq+G5GncNIiNtCnVH3163Dw=
49,8,CmnP3kDwA6w/7Nh8Stb888gPZck=,4mPxjq+G5GncNIiNtCnVH3163Dw=
51,2,CmnP3kDwA6w/7Nh8Stb888gPZck=,2Lar8LrviQVp3okwExOYekiw9ig=
48,5,CmnP3kDwA6w/7Nh8Stb888gPZck=,YvfZBqCFJnCdNwSsSJOFpYEzkKE=
51,5,CmnP3kDwA6w/7Nh8Stb888gPZck=,YvfZBqCFJnCdNwSsSJOFpYEzkKE=
49,3,CmnP3kDwA6w/7Nh8Stb888gPZck=,2Lar8LrviQVp3okwExOYekiw9ig=
50,5,CmnP3kDwA6w/7Nh8Stb888gPZck=,YvfZBqCFJnCdNwSsSJOFpYEzkKE=
50,2,CmnP3kDwA6w/7Nh8Stb888gPZck=,2Lar8LrviQVp3okwExOYekiw9ig=
49,4,CmnP3kDwA6w/7Nh8Stb888gPZck=,YvfZBqCFJnCdNwSsSJOFpYEzkKE=
63,9,CmnP3kDwA6w/7Nh8Stb888gPZck=,5EPo2RBiuwpXTFTMqgTZD8oU848=
63,10,CmnP3kDwA6w/7Nh8Stb888gPZck=,5EPo2RBiuwpXTFTMqgTZD8oU848=
50,1,CmnP3kDwA6w/7Nh8Stb888gPZck=,2Lar8LrviQVp3okwExOYekiw9ig=
49,2,CmnP3kDwA6w/7Nh8Stb888gPZck=,2Lar8LrviQVp3okwExOYekiw9ig=
50,3,CmnP3kDwA6w/7Nh8Stb888gPZck=,2Lar8LrviQVp3okwExOYekiw9ig=
63,15,CmnP3kDwA6w/7Nh8Stb888gPZck=,X2l7HhNjjFvGxoTHjKX7Lkyj2wM=
63,11,CmnP3kDwA6w/7Nh8Stb888gPZck=,5EPo2RBiuwpXTFTMqgTZD8oU848=
63,14,CmnP3kDwA6w/7Nh8Stb888gPZck=,X2l7HhNjjFvGxoTHjKX7Lkyj2wM=
63,12,CmnP3kDwA6w/7Nh8Stb888gPZck=,X2l7HhNjjFvGxoTHjKX7Lkyj2wM=
62,12,CmnP3kDwA6w/7Nh8Stb888gPZck=,X2l7HhNjjFvGxoTHjKX7Lkyj2wM=
63,13,CmnP3kDwA6w/7Nh8Stb888gPZck=,X2l7HhNjjFvGxoTHjKX7Lkyj2wM=
62,13,CmnP3kDwA6w/7Nh8Stb888gPZck=,X2l7HhNjjFvGxoTHjKX7Lkyj2wM=
49,10,CmnP3kDwA6w/7Nh8Stb888gPZck=,4mPxjq+G5GncNIiNtCnVH3163Dw=
50,0,CmnP3kDwA6w/7Nh8Stb888gPZck=,2Lar8LrviQVp3okwExOYekiw9ig=
63,8,CmnP3kDwA6w/7Nh8Stb888gPZck=,5EPo2RBiuwpXTFTMqgTZD8oU848=
51,15,CmnP3kDwA6w/7Nh8Stb888gPZck=,N3NAJALXsJWUejsgWXcrEd9rNY8=
54,15,CmnP3kDwA6w/7Nh8Stb888gPZck=,35lqfb19QSNtalhRKyhWF4mLKHg=
55,15,CmnP3kDwA6w/7Nh8Stb888gPZck=,35lqfb19QSNtalhRKyhWF4mLKHg=
53,14,CmnP3kDwA6w/7Nh8Stb888gPZck=,35lqfb19QSNtalhRKyhWF4mLKHg=
53,15,CmnP3kDwA6w/7Nh8Stb888gPZck=,35lqfb19QSNtalhRKyhWF4mLKHg=
57,14,CmnP3kDwA6w/7Nh8Stb888gPZck=,DR23BASVc9WMH6T+RbTdBrJqkfI=
48,13,CmnP3kDwA6w/7Nh8Stb888gPZck=,N3NAJALXsJWUejsgWXcrEd9rNY8=
49,5,CmnP3kDwA6w/7Nh8Stb888gPZck=,YvfZBqCFJnCdNwSsSJOFpYEzkKE=
57,15,CmnP3kDwA6w/7Nh8Stb888gPZck=,DR23BASVc9WMH6T+RbTdBrJqkfI=
52,14,CmnP3kDwA6w/7Nh8Stb888gPZck=,35lqfb19QSNtalhRKyhWF4mLKHg=
56,15,CmnP3kDwA6w/7Nh8Stb888gPZck=,DR23BASVc9WMH6T+RbTdBrJqkfI=
52,15,CmnP3kDwA6w/7Nh8Stb888gPZck=,35lqfb19QSNtalhRKyhWF4mLKHg=
48,14,CmnP3kDwA6w/7Nh8Stb888gPZck=,N3NAJALXsJWUejsgWXcrEd9rNY8=
48,15,CmnP3kDwA6w/7Nh8Stb888gPZck=,N3NAJALXsJWUejsgWXcrEd9rNY8=
60,3,CmnP3kDwA6w/7Nh8Stb888gPZck=,Rjr7eckn0NM7ScUlg4iZLvdJqP8=
61,3,CmnP3kDwA6w/7Nh8Stb888gPZck=,Rjr7eckn0NM7ScUlg4iZLvdJqP8=
62,3,CmnP3kDwA6w/7Nh8Stb888gPZck=,Rjr7eckn0NM7ScUlg4iZLvdJqP8=
63,3,CmnP3kDwA6w/7Nh8Stb888gPZck=,Rjr7eckn0NM7ScUlg4iZLvdJqP8=
63,0,CmnP3kDwA6w/7Nh8Stb888gPZck=,Rjr7eckn0NM7ScUlg4iZLvdJqP8=
59,4,CmnP3kDwA6w/7Nh8Stb888gPZck=,ev5rCM89Z9Q4kdyuaxXeqwlNPaU=
63,2,CmnP3kDwA6w/7Nh8Stb888gPZck=,Rjr7eckn0NM7ScUlg4iZLvdJqP8=
62,2,CmnP3kDwA6w/7Nh8Stb888gPZck=,Rjr7eckn0NM7ScUlg4iZLvdJqP8=
61,2,CmnP3kDwA6w/7Nh8Stb888gPZck=,Rjr7eckn0NM7ScUlg4iZLvdJqP8=
60,2,CmnP3kDwA6w/7Nh8Stb888gPZck=,Rjr7eckn0NM7ScUlg4iZLvdJqP8=
59,0,CmnP3kDwA6w/7Nh8Stb888gPZck=,/o+CO3vOdAlI4gBGnKMeXazsRNk=
63,1,CmnP3kDwA6w/7Nh8Stb888gPZck=,Rjr7eckn0NM7ScUlg4iZLvdJqP8=
58,1,CmnP3kDwA6w/7Nh8Stb888gPZck=,/o+CO3vOdAlI4gBGnKMeXazsRNk=
62,1,CmnP3kDwA6w/7Nh8Stb888gPZck=,Rjr7eckn0NM7ScUlg4iZLvdJqP8=
59,1,CmnP3kDwA6w/7Nh8Stb888gPZck=,/o+CO3vOdAlI4gBGnKMeXazsRNk=
59,3,CmnP3kDwA6w/7Nh8Stb888gPZck=,/o+CO3vOdAlI4gBGnKMeXazsRNk=
58,2,CmnP3kDwA6w/7Nh8Stb888gPZck=,/o+CO3vOdAlI4gBGnKMeXazsRNk=
49,1,CmnP3kDwA6w/7Nh8Stb888gPZck=,2Lar8LrviQVp3okwExOYekiw9ig=
48,0,CmnP3kDwA6w/7Nh8Stb888gPZck=,2Lar8LrviQVp3okwExOYekiw9ig=
58,0,CmnP3kDwA6w/7Nh8Stb888gPZck=,/o+CO3vOdAlI4gBGnKMeXazsRNk=
60,0,CmnP3kDwA6w/7Nh8Stb888gPZck=,Rjr7eckn0NM7ScUlg4iZLvdJqP8=
58,3,CmnP3kDwA6w/7Nh8Stb888gPZck=,/o+CO3vOdAlI4gBGnKMeXazsRNk=
61,0,CmnP3kDwA6w/7Nh8Stb888gPZck=,Rjr7eckn0NM7ScUlg4iZLvdJqP8=
58,5,CmnP3kDwA6w/7Nh8Stb888gPZck=,ev5rCM89Z9Q4kdyuaxXeqwlNPaU=
61,1,CmnP3kDwA6w/7Nh8Stb888gPZck=,Rjr7eckn0NM7ScUlg4iZLvdJqP8=
49,0,CmnP3kDwA6w/7Nh8Stb888gPZck=,2Lar8LrviQVp3okwExOYekiw9ig=
59,2,CmnP3kDwA6w/7Nh8Stb888gPZck=,/o+CO3vOdAlI4gBGnKMeXazsRNk=
60,1,CmnP3kDwA6w/7Nh8Stb888gPZck=,Rjr7eckn0NM7ScUlg4iZLvdJqP8=
62,0,CmnP3kDwA6w/7Nh8Stb888gPZck=,Rjr7eckn0NM7ScUlg4iZLvdJqP8=
