-21,19,no2GUP0Bl/32StZZAETIkG2mciQ=,ly0uED99IrLxbWAkJ4RA1I7mkM0=
-20,20,no2GUP0Bl/32StZZAETIkG2mciQ=,PxG9WpdDf52ef+R4b/sDCgH2wyM=
-21,20,no2GUP0Bl/32StZZAETIkG2mciQ=,FQaqHs83ObUS/tzUjh/IWpNlYMM=
-20,21,U4dr0ZcTEWYROWqNtUVlwpqEYwQ=,PxG9WpdDf52ef+R4b/sDCgH2wyM=
-21,22,U4dr0ZcTEWYROWqNtUVlwpqEYwQ=,uAUQF/NOpfIxhs73HX//QExxfw8=
-20,19,U4dr0ZcTEWYROWqNtUVlwpqEYwQ=,R83iGYuizgH8NAwf/Sgx0o48IK0=
-21,21,U4dr0ZcTEWYROWqNtUVlwpqEYwQ=,FQaqHs83ObUS/tzUjh/IWpNlYMM=
-19,16,U4dr0ZcTEWYROWqNtUVlwpqEYwQ=,zHHZLgaKh81ooWkYQb6buOewUsM=
-23,25,U4dr0ZcTEWYROWqNtUVlwpqEYwQ=,llSqcDNDiFZgmYTzHGr3PU9wShM=
-21,18,U4dr0ZcTEWYROWqNtUVlwpqEYwQ=,ly0uED99IrLxbWAkJ4RA1I7mkM0=
-20,17,U4dr0ZcTEWYROWqNtUVlwpqEYwQ=,zHHZLgaKh81ooWkYQb6buOewUsM=
-22,19,U4dr0ZcTEWYROWqNtUVlwpqEYwQ=,ly0uED99IrLxbWAkJ4RA1I7mkM0=
-22,20,U4dr0ZcTEWYROWqNtUVlwpqEYwQ=,FQaqHs83ObUS/tzUjh/IWpNlYMM=
-19,20,U4dr0ZcTEWYROWqNtUVlwpqEYwQ=,PxG9WpdDf52ef+R4b/sDCgH2wyM=
-19,21,U4dr0ZcTEWYROWqNtUVlwpqEYwQ=,PxG9WpdDf52ef+R4b/sDCgH2wyM=
-21,23,U4dr0ZcTEWYROWqNtUVlwpqEYwQ=,uAUQF/NOpfIxhs73HX//QExxfw8=
-20,16,U4dr0ZcTEWYROWqNtUVlwpqEYwQ=,zHHZLgaKh81ooWkYQb6buOewUsM=
-22,18,U4dr0ZcTEWYROWqNtUVlwpqEYwQ=,ly0uED99IrLxbWAkJ4RA1I7mkM0=
-24,25,U4dr0ZcTEWYROWqNtUVlwpqEYwQ=,llSqcDNDiFZgmYTzHGr3PU9wShM=
-19,18,U4dr0ZcTEWYROWqNtUVlwpqEYwQ=,R83iGYuizgH8NAwf/Sgx0o48IK0=
-19,19,U4dr0ZcTEWYROWqNtUVlwpqEYwQ=,R83iGYuizgH8NAwf/Sgx0o48IK0=
-19,17,U4dr0ZcTEWYROWqNtUVlwpqEYwQ=,zHHZLgaKh81ooWkYQb6buOewUsM=
-24,24,U4dr0ZcTEWYROWqNtUVlwpqEYwQ=,llSqcDNDiFZgmYTzHGr3PU9wShM=
-24,22,U4dr0ZcTEWYROWqNtUVlwpqEYwQ=,u+ISAJX0JtznXgP7qGWxb4ntKHA=
-20,18,U4dr0ZcTEWYROWqNtUVlwpqEYwQ=,R83iGYuizgH8NAwf/Sgx0o48IK0=
-24,23,U4dr0ZcTEWYROWqNtUVlwpqEYwQ=,u+ISAJX0JtznXgP7qGWxb4ntKHA=
-22,21,U4dr0ZcTEWYROWqNtUVlwpqEYwQ=,FQaqHs83ObUS/tzUjh/IWpNlYMM=
-23,22,U4dr0ZcTEWYROWqNtUVlwpqEYwQ=,u+ISAJX0JtznXgP7qGWxb4ntKHA=
-23,24,U4dr0ZcTEWYROWqNtUVlwpqEYwQ=,llSqcDNDiFZgmYTzHGr3PU9wShM=
-17,17,U4dr0ZcTEWYROWqNtUVlwpqEYwQ=,W+mfdZ9m+McQVt8tUtrBbV7YFn0=
-22,23,U4dr0ZcTEWYROWqNtUVlwpqEYwQ=,uAUQF/NOpfIxhs73HX//QExxfw8=
-18,16,U4dr0ZcTEWYROWqNtUVlwpqEYwQ=,W+mfdZ9m+McQVt8tUtrBbV7YFn0=
-23,23,U4dr0ZcTEWYROWqNtUVlwpqEYwQ=,u+ISAJX0JtznXgP7qGWxb4ntKHA=
-22,22,U4dr0ZcTEWYROWqNtUVlwpqEYwQ=,uAUQF/NOpfIxhs73HX//QExxfw8=
-18,17,U4dr0ZcTEWYROWqNtUVlwpqEYwQ=,W+mfdZ9m+McQVt8tUtrBbV7YFn0=
-17,16,U4dr0ZcTEWYROWqNtUVlwpqEYwQ=,W+mfdZ9m+McQVt8tUtrBbV7YFn0=
-19,0,9eVbPfsyf9JoEvGoey9+8HtHXpk=,3NouaIicdZaDLREDD8qQp39dsx0=
-18,0,9eVbPfsyf9JoEvGoey9+8HtHXpk=,kC2c4WDqNKISL3sf/Qt44T6i7MA=
-17,0,9eVbPfsyf9JoEvGoey9+8HtHXpk=,kC2c4WDqNKISL3sf/Qt44T6i7MA=
-18,14,8Bw4TvnVsLwyPqZIOL30V/u2hU4=,sqq1K3ie10iAcXtHcLClVIzksdo=
-20,3,8Bw4TvnVsLwyPqZIOL30V/u2hU4=,khZ1Irr6T+UkwnbxbiMRQ23evuU=
-20,1,8Bw4TvnVsLwyPqZIOL30V/u2hU4=,3NouaIicdZaDLREDD8qQp39dsx0=
-20,2,8Bw4TvnVsLwyPqZIOL30V/u2hU4=,khZ1Irr6T+UkwnbxbiMRQ23evuU=
-20,0,8Bw4TvnVsLwyPqZIOL30V/u2hU4=,3NouaIicdZaDLREDD8qQp39dsx0=
-18,15,8Bw4TvnVsLwyPqZIOL30V/u2hU4=,sqq1K3ie10iAcXtHcLClVIzksdo=
-17,14,8Bw4TvnVsLwyPqZIOL30V/u2hU4=,sqq1K3ie10iAcXtHcLClVIzksdo=
-17,1,8Bw4TvnVsLwyPqZIOL30V/u2hU4=,kC2c4WDqNKISL3sf/Qt44T6i7MA=
-19,3,8Bw4TvnVsLwyPqZIOL30V/u2hU4=,khZ1Irr6T+UkwnbxbiMRQ23evuU=
-17,15,8Bw4TvnVsLwyPqZIOL30V/u2hU4=,sqq1K3ie10iAcXtHcLClVIzksdo=
-19,2,8Bw4TvnVsLwyPqZIOL30V/u2hU4=,khZ1Irr6T+UkwnbxbiMRQ23evuU=
-19,1,8Bw4TvnVsLwyPqZIOL30V/u2hU4=,3NouaIicdZaDLREDD8qQp39dsx0=
-18,3,8Bw4TvnVsLwyPqZIOL30V/u2hU4=,pp42nOn4VQ3SbXzmpuEo+0dbZE8=
-18,1,8Bw4TvnVsLwyPqZIOL30V/u2hU4=,kC2c4WDqNKISL3sf/Qt44T6i7MA=
-17,3,/eD5zqo1ln1fkk3+Meifw9m9s0k=,pp42nOn4VQ3SbXzmpuEo+0dbZE8=
-17,2,/eD5zqo1ln1fkk3+Meifw9m9s0k=,pp42nOn4VQ3SbXzmpuEo+0dbZE8=
-18,2,/eD5zqo1ln1fkk3+Meifw9m9s0k=,pp42nOn4VQ3SbXzmpuEo+0dbZE8=
-2,21,/eD5zqo1ln1fkk3+Meifw9m9s0k=,DKxbrEoH/PeP3B+Rwc4dxycDKy0=
-1,21,/eD5zqo1ln1fkk3+Meifw9m9s0k=,DKxbrEoH/PeP3B+Rwc4dxycDKy0=
-2,16,/eD5zqo1ln1fkk3+Meifw9m9s0k=,PwynS9mDJNDAoZvLu7yQBSy4VVU=
-2,20,/eD5zqo1ln1fkk3+Meifw9m9s0k=,DKxbrEoH/PeP3B+Rwc4dxycDKy0=
-2,18,/eD5zqo1ln1fkk3+Meifw9m9s0k=,ByJVF/d/wQD5R3Lc2eNpA22yoBw=
-2,17,/eD5zqo1ln1fkk3+Meifw9m9s0k=,PwynS9mDJNDAoZvLu7yQBSy4VVU=
-1,20,/eD5zqo1ln1fkk3+Meifw9m9s0k=,DKxbrEoH/PeP3B+Rwc4dxycDKy0=
-1,17,/eD5zqo1ln1fkk3+Meifw9m9s0k=,PwynS9mDJNDAoZvLu7yQBSy4VVU=
-2,19,/eD5zqo1ln1fkk3+Meifw9m9s0k=,ByJVF/d/wQD5R3Lc2eNpA22yoBw=
-1,18,2WID1kKI4AHetgO7Yhygtlvk1aw=,ByJVF/d/wQD5R3Lc2eNpA22yoBw=
-1,19,2WID1kKI4AHetgO7Yhygtlvk1aw=,ByJVF/d/wQD5R3Lc2eNpA22yoBw=
-1,16,2WID1kKI4AHetgO7Yhygtlvk1aw=,PwynS9mDJNDAoZvLu7yQBSy4VVU=
-12,17,2WID1kKI4AHetgO7Yhygtlvk1aw=,eglsLeMB8X5fLPP6YZDT50VEeTM=
-13,17,2WID1kKI4AHetgO7Yhygtlvk1aw=,syl+9vRFa6gGzc6QiJmXLif1nnE=
-11,17,2WID1kKI4AHetgO7Yhygtlvk1aw=,eglsLeMB8X5fLPP6YZDT50VEeTM=
-15,17,2WID1kKI4AHetgO7Yhygtlvk1aw=,k1IfV3eKNr2TO6rRSgybM9uReU0=
-14,17,2WID1kKI4AHetgO7Yhygtlvk1aw=,syl+9vRFa6gGzc6QiJmXLif1nnE=
-11,16,2WID1kKI4AHetgO7Yhygtlvk1aw=,eglsLeMB8X5fLPP6YZDT50VEeTM=
-14,16,2WID1kKI4AHetgO7Yhygtlvk1aw=,syl+9vRFa6gGzc6QiJmXLif1nnE=
-16,17,2WID1kKI4AHetgO7Yhygtlvk1aw=,k1IfV3eKNr2TO6rRSgybM9uReU0=
-12,16,2WID1kKI4AHetgO7Yhygtlvk1aw=,eglsLeMB8X5fLPP6YZDT50VEeTM=
-15,16,2WID1kKI4AHetgO7Yhygtlvk1aw=,k1IfV3eKNr2TO6rRSgybM9uReU0=
-13,16,2WID1kKI4AHetgO7Yhygtlvk1aw=,syl+9vRFa6gGzc6QiJmXLif1nnE=
-16,16,2WID1kKI4AHetgO7Yhygtlvk1aw=,k1IfV3eKNr2TO6rRSgybM9uReU0=
-2,5,wV8RgK16xct3cyjmgMvCEGYHw6E=,J55yZ56tBPnGbPAOYznaLidT5Lc=
-3,6,wV8RgK16xct3cyjmgMvCEGYHw6E=,ypl9k8fWwYRk/ZQJOsKnvDE42fQ=
-2,6,wV8RgK16xct3cyjmgMvCEGYHw6E=,EKqurWgD74TwnEbcTlnd+kKarxw=
-3,5,wV8RgK16xct3cyjmgMvCEGYHw6E=,KcM00fVc7MpPInVMh2IyNw/DQL4=
-3,3,I4aSS0fvp8mJIoaMefcDdyg0OQE=,QrgKjZ3hYbUBsOSakwma8j8vEu0=
-2,4,I4aSS0fvp8mJIoaMefcDdyg0OQE=,J55yZ56tBPnGbPAOYznaLidT5Lc=
-3,1,vREZ+RlZkbZtzYeZSPF3Q8NDSLg=,NObSEu4rNwe6IDhr9VH7Di0g6Dw=
-2,3,vREZ+RlZkbZtzYeZSPF3Q8NDSLg=,GTR7aggSFcx+uLAx5p96ZJUtCLQ=
-3,2,HpiNtza4Kz35Gk/cUdXaU3Way/4=,QrgKjZ3hYbUBsOSakwma8j8vEu0=
-3,4,HpiNtza4Kz35Gk/cUdXaU3Way/4=,KcM00fVc7MpPInVMh2IyNw/DQL4=
-2,2,HpiNtza4Kz35Gk/cUdXaU3Way/4=,GTR7aggSFcx+uLAx5p96ZJUtCLQ=
-2,1,HpiNtza4Kz35Gk/cUdXaU3Way/4=,XW9am/F/EtHu94QnMD2TKrgj21c=
-5,4,cqC3Q5M3sdIJp2m4fcva+AOYYEA=,yvkauVXOfeni7RkTCCrPr5CECLc=
-5,1,cqC3Q5M3sdIJp2m4fcva+AOYYEA=,SnikjnFbi5jCUSHMgqBnrg8wjeU=
-4,1,cqC3Q5M3sdIJp2m4fcva+AOYYEA=,NObSEu4rNwe6IDhr9VH7Di0g6Dw=
-5,3,spphTyDeAVLV+yNo1Ar43NdGdAo=,2kdltFMl+Wj/WGZZJyR1zg1bvD4=
-4,3,spphTyDeAVLV+yNo1Ar43NdGdAo=,QrgKjZ3hYbUBsOSakwma8j8vEu0=
-5,2,spphTyDeAVLV+yNo1Ar43NdGdAo=,2kdltFMl+Wj/WGZZJyR1zg1bvD4=
-4,2,spphTyDeAVLV+yNo1Ar43NdGdAo=,QrgKjZ3hYbUBsOSakwma8j8vEu0=
-7,4,D6sNczhg10tIEWKdwWa4rWC+rp8=,/O8kwBJD3DXN7a6cXe+Uv8j8T6o=
-6,4,D6sNczhg10tIEWKdwWa4rWC+rp8=,yvkauVXOfeni7RkTCCrPr5CECLc=
-7,3,D6sNczhg10tIEWKdwWa4rWC+rp8=,ZjrxXDUdOWhGamgkL2BJS0yYHR8=
-9,4,PyZOjyAVJm1ZMrExI3EwYCWpKrc=,NmFPe5yShiTG3hdxOZI5Rq8jWUA=
-8,4,PyZOjyAVJm1ZMrExI3EwYCWpKrc=,/O8kwBJD3DXN7a6cXe+Uv8j8T6o=
-4,4,PyZOjyAVJm1ZMrExI3EwYCWpKrc=,KcM00fVc7MpPInVMh2IyNw/DQL4=
-8,3,PyZOjyAVJm1ZMrExI3EwYCWpKrc=,ZjrxXDUdOWhGamgkL2BJS0yYHR8=
-8,5,PyZOjyAVJm1ZMrExI3EwYCWpKrc=,/O8kwBJD3DXN7a6cXe+Uv8j8T6o=
-9,5,PyZOjyAVJm1ZMrExI3EwYCWpKrc=,NmFPe5yShiTG3hdxOZI5Rq8jWUA=
-9,3,edCpzuAu3n0+odniIfNFjdn+ZZQ=,8hSpSTjgaokDCkTwwdLyi4UpmaU=
-8,6,edCpzuAu3n0+odniIfNFjdn+ZZQ=,TXFmwHTkzndyfA46G1issYbnEdg=
-6,3,edCpzuAu3n0+odniIfNFjdn+ZZQ=,2kdltFMl+Wj/WGZZJyR1zg1bvD4=
-9,6,edCpzuAu3n0+odniIfNFjdn+ZZQ=,ZQ9UrKf9QXL5reBI2mDMavuXocA=
-8,10,edCpzuAu3n0+odniIfNFjdn+ZZQ=,lFuap/NkE5jSYPJ9FRDqJOkskbM=
-9,8,edCpzuAu3n0+odniIfNFjdn+ZZQ=,cFDjc07f9i8kMY8Kfp5bnkUY4DM=
-8,9,edCpzuAu3n0+odniIfNFjdn+ZZQ=,OG4vhXrFgRuvNlki52yBg3uCxuw=
-9,7,edCpzuAu3n0+odniIfNFjdn+ZZQ=,ZQ9UrKf9QXL5reBI2mDMavuXocA=
-9,10,edCpzuAu3n0+odniIfNFjdn+ZZQ=,javg1whpeq0YfsLoO18QH1SuNbE=
-9,9,zZN5Vp7fXjhBc53OK9CV+TvmZu0=,cFDjc07f9i8kMY8Kfp5bnkUY4DM=
-10,8,zZN5Vp7fXjhBc53OK9CV+TvmZu0=,cFDjc07f9i8kMY8Kfp5bnkUY4DM=
-11,7,zZN5Vp7fXjhBc53OK9CV+TvmZu0=,9kwW179dD0pDp+NzPTrd7UhcD0g=
-11,8,zZN5Vp7fXjhBc53OK9CV+TvmZu0=,ex+4MdEW3NlBX1J99EBMen1u96w=
-10,7,zZN5Vp7fXjhBc53OK9CV+TvmZu0=,ZQ9UrKf9QXL5reBI2mDMavuXocA=
-11,9,zZN5Vp7fXjhBc53OK9CV+TvmZu0=,ex+4MdEW3NlBX1J99EBMen1u96w=
-10,9,zZN5Vp7fXjhBc53OK9CV+TvmZu0=,cFDjc07f9i8kMY8Kfp5bnkUY4DM=
-10,11,zZN5Vp7fXjhBc53OK9CV+TvmZu0=,javg1whpeq0YfsLoO18QH1SuNbE=
-10,10,zZN5Vp7fXjhBc53OK9CV+TvmZu0=,javg1whpeq0YfsLoO18QH1SuNbE=
-10,12,zZN5Vp7fXjhBc53OK9CV+TvmZu0=,ORrDORKe8RnNSf85IvoXHVRB9qc=
-11,12,zZN5Vp7fXjhBc53OK9CV+TvmZu0=,ZXnFM1C1PMBZayr7yy1VwmYPSuI=
-12,12,zZN5Vp7fXjhBc53OK9CV+TvmZu0=,ZXnFM1C1PMBZayr7yy1VwmYPSuI=
-13,12,zZN5Vp7fXjhBc53OK9CV+TvmZu0=,w7xD20gM4IvJDFCPSgS79yEo68o=
-13,11,zZN5Vp7fXjhBc53OK9CV+TvmZu0=,850o9RdLhWc7TZaEAEA6/HUKnHg=
-11,11,zZN5Vp7fXjhBc53OK9CV+TvmZu0=,dRgPWX8+nEvWo4PvcYm8lUaW/Nk=
-8,7,0siamzvraFgjsnQ4LQGgpL5/M+o=,TXFmwHTkzndyfA46G1issYbnEdg=
-12,11,0siamzvraFgjsnQ4LQGgpL5/M+o=,dRgPWX8+nEvWo4PvcYm8lUaW/Nk=
-8,8,0siamzvraFgjsnQ4LQGgpL5/M+o=,OG4vhXrFgRuvNlki52yBg3uCxuw=
-11,10,0siamzvraFgjsnQ4LQGgpL5/M+o=,dRgPWX8+nEvWo4PvcYm8lUaW/Nk=
-10,5,6coASkO1ZOfAMa6akGMMNueeDCk=,NmFPe5yShiTG3hdxOZI5Rq8jWUA=
-12,6,6coASkO1ZOfAMa6akGMMNueeDCk=,9kwW179dD0pDp+NzPTrd7UhcD0g=
-13,6,6coASkO1ZOfAMa6akGMMNueeDCk=,+wAEiK0HmGkr/H35NEPmTJYAa4M=
-10,6,6coASkO1ZOfAMa6akGMMNueeDCk=,ZQ9UrKf9QXL5reBI2mDMavuXocA=
-13,5,6coASkO1ZOfAMa6akGMMNueeDCk=,JYNyk98AEufg2ORBZhG8WmMN20w=
-11,6,6coASkO1ZOfAMa6akGMMNueeDCk=,9kwW179dD0pDp+NzPTrd7UhcD0g=
-12,5,6coASkO1ZOfAMa6akGMMNueeDCk=,BI3oKE14ZuOY9ZCSiKQWpT86igo=
-11,5,OsEbKgKMAFBBGsrQON4SxzALT1g=,BI3oKE14ZuOY9ZCSiKQWpT86igo=
-10,4,lkHybhev3XK5OSrHND3EqcSzEzY=,NmFPe5yShiTG3hdxOZI5Rq8jWUA=
-12,4,lkHybhev3XK5OSrHND3EqcSzEzY=,BI3oKE14ZuOY9ZCSiKQWpT86igo=
-13,1,lkHybhev3XK5OSrHND3EqcSzEzY=,dKiJJ0tRPiylMeTeCGPeeUYj+xo=
-11,4,lkHybhev3XK5OSrHND3EqcSzEzY=,BI3oKE14ZuOY9ZCSiKQWpT86igo=
-10,3,lkHybhev3XK5OSrHND3EqcSzEzY=,8hSpSTjgaokDCkTwwdLyi4UpmaU=
-11,3,lkHybhev3XK5OSrHND3EqcSzEzY=,48HZqA4PNFx46N0U3ch1130y9lo=
-13,4,8XZ55P9yidAedERMl6Qj/EyCJfw=,JYNyk98AEufg2ORBZhG8WmMN20w=
-12,3,8XZ55P9yidAedERMl6Qj/EyCJfw=,48HZqA4PNFx46N0U3ch1130y9lo=
-12,2,8XZ55P9yidAedERMl6Qj/EyCJfw=,48HZqA4PNFx46N0U3ch1130y9lo=
-12,1,8XZ55P9yidAedERMl6Qj/EyCJfw=,p2UxRBvL7uGp6yHRO8qLQ3lueOk=
-13,3,8XZ55P9yidAedERMl6Qj/EyCJfw=,gFCGgemGCfOmHaTOEefG79TekiI=
-13,2,8XZ55P9yidAedERMl6Qj/EyCJfw=,gFCGgemGCfOmHaTOEefG79TekiI=
-14,1,8XZ55P9yidAedERMl6Qj/EyCJfw=,dKiJJ0tRPiylMeTeCGPeeUYj+xo=
-15,2,8XZ55P9yidAedERMl6Qj/EyCJfw=,iFwIYRMXnKCDv8mLV+RFWkDyMIM=
-14,2,8XZ55P9yidAedERMl6Qj/EyCJfw=,gFCGgemGCfOmHaTOEefG79TekiI=
-15,1,MIaJjh9+yElzI+BC/6COVu3kgoU=,1IgFIErIgvasXpt5dgk+hxBTWeY=
-14,3,MIaJjh9+yElzI+BC/6COVu3kgoU=,gFCGgemGCfOmHaTOEefG79TekiI=
-15,5,MIaJjh9+yElzI+BC/6COVu3kgoU=,2UJse1hGKM/nYSph/mz5K1cv0rI=
-15,3,MIaJjh9+yElzI+BC/6COVu3kgoU=,iFwIYRMXnKCDv8mLV+RFWkDyMIM=
-15,6,MIaJjh9+yElzI+BC/6COVu3kgoU=,sTuLAgb0xy/QhqI44tYiUemOxKs=
-14,5,pdzUWZyqlRVgzvKMoKqYql8DE9s=,JYNyk98AEufg2ORBZhG8WmMN20w=
-15,4,pdzUWZyqlRVgzvKMoKqYql8DE9s=,2UJse1hGKM/nYSph/mz5K1cv0rI=
-14,6,pdzUWZyqlRVgzvKMoKqYql8DE9s=,+wAEiK0HmGkr/H35NEPmTJYAa4M=
-14,4,pdzUWZyqlRVgzvKMoKqYql8DE9s=,JYNyk98AEufg2ORBZhG8WmMN20w=
-6,1,K4cDrUbpAtEm44f4Vblf4XDkjaY=,SnikjnFbi5jCUSHMgqBnrg8wjeU=
-7,2,K4cDrUbpAtEm44f4Vblf4XDkjaY=,ZjrxXDUdOWhGamgkL2BJS0yYHR8=
-6,2,K4cDrUbpAtEm44f4Vblf4XDkjaY=,2kdltFMl+Wj/WGZZJyR1zg1bvD4=
-14,0,FIOQc5R4TF2DJcdn8gkIDwwSwHg=,dKiJJ0tRPiylMeTeCGPeeUYj+xo=
-15,0,FIOQc5R4TF2DJcdn8gkIDwwSwHg=,1IgFIErIgvasXpt5dgk+hxBTWeY=
-7,1,FIOQc5R4TF2DJcdn8gkIDwwSwHg=,FvmHghvk7+ZZKpvXRJEO8fy4zdo=
-13,0,FIOQc5R4TF2DJcdn8gkIDwwSwHg=,dKiJJ0tRPiylMeTeCGPeeUYj+xo=
-6,0,FIOQc5R4TF2DJcdn8gkIDwwSwHg=,SnikjnFbi5jCUSHMgqBnrg8wjeU=
-8,2,FIOQc5R4TF2DJcdn8gkIDwwSwHg=,ZjrxXDUdOWhGamgkL2BJS0yYHR8=
-11,2,FIOQc5R4TF2DJcdn8gkIDwwSwHg=,48HZqA4PNFx46N0U3ch1130y9lo=
-7,0,FIOQc5R4TF2DJcdn8gkIDwwSwHg=,FvmHghvk7+ZZKpvXRJEO8fy4zdo=
-12,0,FIOQc5R4TF2DJcdn8gkIDwwSwHg=,p2UxRBvL7uGp6yHRO8qLQ3lueOk=
-11,0,d114Hxl9xHIJCQAXs9yGxKpOG78=,p2UxRBvL7uGp6yHRO8qLQ3lueOk=
-11,1,d114Hxl9xHIJCQAXs9yGxKpOG78=,p2UxRBvL7uGp6yHRO8qLQ3lueOk=
-10,2,d114Hxl9xHIJCQAXs9yGxKpOG78=,8hSpSTjgaokDCkTwwdLyi4UpmaU=
-10,0,d114Hxl9xHIJCQAXs9yGxKpOG78=,yMkl0OozTzxmCBCEmtEaetLiHt4=
-10,1,d114Hxl9xHIJCQAXs9yGxKpOG78=,yMkl0OozTzxmCBCEmtEaetLiHt4=
-9,2,d114Hxl9xHIJCQAXs9yGxKpOG78=,8hSpSTjgaokDCkTwwdLyi4UpmaU=
-9,1,ov1CPujTKIngDHLuhmPugd8JNMY=,yMkl0OozTzxmCBCEmtEaetLiHt4=
-9,0,efIXvHpjlBHBUo9Xcp9HCDP6CWc=,yMkl0OozTzxmCBCEmtEaetLiHt4=
-8,1,efIXvHpjlBHBUo9Xcp9HCDP6CWc=,FvmHghvk7+ZZKpvXRJEO8fy4zdo=
-5,0,efIXvHpjlBHBUo9Xcp9HCDP6CWc=,SnikjnFbi5jCUSHMgqBnrg8wjeU=
-8,0,efIXvHpjlBHBUo9Xcp9HCDP6CWc=,FvmHghvk7+ZZKpvXRJEO8fy4zdo=
-3,0,efIXvHpjlBHBUo9Xcp9HCDP6CWc=,NObSEu4rNwe6IDhr9VH7Di0g6Dw=
-4,0,efIXvHpjlBHBUo9Xcp9HCDP6CWc=,NObSEu4rNwe6IDhr9VH7Di0g6Dw=
-1,10,4BMz/5X/J6Gvngh7upZuWtM03Ok=,3MruuFMKLVHhicIFvrQb2admHFM=
-1,9,4BMz/5X/J6Gvngh7upZuWtM03Ok=,6TCpMwrg04qVterrcd3vznrwk08=
-1,8,4BMz/5X/J6Gvngh7upZuWtM03Ok=,6TCpMwrg04qVterrcd3vznrwk08=
-1,12,LzUIzGDjz+/oOZJu6qfoxJewfOQ=,cy36RANZoeCrCJVO+0Jtia3puWU=
-2,11,LzUIzGDjz+/oOZJu6qfoxJewfOQ=,3MruuFMKLVHhicIFvrQb2admHFM=
-2,12,LzUIzGDjz+/oOZJu6qfoxJewfOQ=,cy36RANZoeCrCJVO+0Jtia3puWU=
-1,11,LzUIzGDjz+/oOZJu6qfoxJewfOQ=,3MruuFMKLVHhicIFvrQb2admHFM=
-2,0,LzUIzGDjz+/oOZJu6qfoxJewfOQ=,XW9am/F/EtHu94QnMD2TKrgj21c=
-2,13,LzUIzGDjz+/oOZJu6qfoxJewfOQ=,cy36RANZoeCrCJVO+0Jtia3puWU=
-2,14,LzUIzGDjz+/oOZJu6qfoxJewfOQ=,r+Ap2rx6JOn85SA4mo2Pw49FnTo=
-1,1,LzUIzGDjz+/oOZJu6qfoxJewfOQ=,XW9am/F/EtHu94QnMD2TKrgj21c=
-1,7,LzUIzGDjz+/oOZJu6qfoxJewfOQ=,EKqurWgD74TwnEbcTlnd+kKarxw=
-2,15,LzUIzGDjz+/oOZJu6qfoxJewfOQ=,r+Ap2rx6JOn85SA4mo2Pw49FnTo=
-9,14,LzUIzGDjz+/oOZJu6qfoxJewfOQ=,5n8ifGXUXAQSvqY0mV3PUQ082FM=
-1,13,LzUIzGDjz+/oOZJu6qfoxJewfOQ=,cy36RANZoeCrCJVO+0Jtia3puWU=
-9,11,LzUIzGDjz+/oOZJu6qfoxJewfOQ=,javg1whpeq0YfsLoO18QH1SuNbE=
-1,15,LzUIzGDjz+/oOZJu6qfoxJewfOQ=,r+Ap2rx6JOn85SA4mo2Pw49FnTo=
-9,13,LzUIzGDjz+/oOZJu6qfoxJewfOQ=,ORrDORKe8RnNSf85IvoXHVRB9qc=
-1,2,LzUIzGDjz+/oOZJu6qfoxJewfOQ=,GTR7aggSFcx+uLAx5p96ZJUtCLQ=
-1,14,LzUIzGDjz+/oOZJu6qfoxJewfOQ=,r+Ap2rx6JOn85SA4mo2Pw49FnTo=
-8,13,LzUIzGDjz+/oOZJu6qfoxJewfOQ=,uNxSvQPN07Ig9BI74U5joSJ+AdI=
-1,4,4PqNcoEJNkaf2CjzVyf1N04avg8=,J55yZ56tBPnGbPAOYznaLidT5Lc=
-8,12,4PqNcoEJNkaf2CjzVyf1N04avg8=,uNxSvQPN07Ig9BI74U5joSJ+AdI=
-10,14,4PqNcoEJNkaf2CjzVyf1N04avg8=,5n8ifGXUXAQSvqY0mV3PUQ082FM=
-8,11,4PqNcoEJNkaf2CjzVyf1N04avg8=,lFuap/NkE5jSYPJ9FRDqJOkskbM=
-14,11,4PqNcoEJNkaf2CjzVyf1N04avg8=,850o9RdLhWc7TZaEAEA6/HUKnHg=
-15,12,4PqNcoEJNkaf2CjzVyf1N04avg8=,z703NyZFrwgJFwlHa8EfgGDe7ro=
-14,12,4PqNcoEJNkaf2CjzVyf1N04avg8=,w7xD20gM4IvJDFCPSgS79yEo68o=
-12,13,4PqNcoEJNkaf2CjzVyf1N04avg8=,ZXnFM1C1PMBZayr7yy1VwmYPSuI=
-13,14,4PqNcoEJNkaf2CjzVyf1N04avg8=,OKAszWf+aH0gd9PAwFpkzBNA0b8=
-1,5,4PqNcoEJNkaf2CjzVyf1N04avg8=,J55yZ56tBPnGbPAOYznaLidT5Lc=
-12,14,4PqNcoEJNkaf2CjzVyf1N04avg8=,0/ij6m6ezHWwMXfVl6AbIL4wVXo=
-9,12,4PqNcoEJNkaf2CjzVyf1N04avg8=,ORrDORKe8RnNSf85IvoXHVRB9qc=
-13,13,4PqNcoEJNkaf2CjzVyf1N04avg8=,w7xD20gM4IvJDFCPSgS79yEo68o=
-10,13,4PqNcoEJNkaf2CjzVyf1N04avg8=,ORrDORKe8RnNSf85IvoXHVRB9qc=
-11,14,4PqNcoEJNkaf2CjzVyf1N04avg8=,0/ij6m6ezHWwMXfVl6AbIL4wVXo=
-11,13,4PqNcoEJNkaf2CjzVyf1N04avg8=,ZXnFM1C1PMBZayr7yy1VwmYPSuI=
-10,15,4PqNcoEJNkaf2CjzVyf1N04avg8=,5n8ifGXUXAQSvqY0mV3PUQ082FM=
-13,15,4PqNcoEJNkaf2CjzVyf1N04avg8=,OKAszWf+aH0gd9PAwFpkzBNA0b8=
-12,15,4PqNcoEJNkaf2CjzVyf1N04avg8=,0/ij6m6ezHWwMXfVl6AbIL4wVXo=
-11,15,4PqNcoEJNkaf2CjzVyf1N04avg8=,0/ij6m6ezHWwMXfVl6AbIL4wVXo=
-1,6,eqFVK5+D/ZBvXenuBs6+f/jJKrY=,EKqurWgD74TwnEbcTlnd+kKarxw=
-16,13,eqFVK5+D/ZBvXenuBs6+f/jJKrY=,z703NyZFrwgJFwlHa8EfgGDe7ro=
-14,14,eqFVK5+D/ZBvXenuBs6+f/jJKrY=,OKAszWf+aH0gd9PAwFpkzBNA0b8=
-15,13,eqFVK5+D/ZBvXenuBs6+f/jJKrY=,z703NyZFrwgJFwlHa8EfgGDe7ro=
-15,15,eqFVK5+D/ZBvXenuBs6+f/jJKrY=,WSQtRhZke4fWScTU1TFB633t70U=
-14,15,eqFVK5+D/ZBvXenuBs6+f/jJKrY=,OKAszWf+aH0gd9PAwFpkzBNA0b8=
-16,14,eqFVK5+D/ZBvXenuBs6+f/jJKrY=,WSQtRhZke4fWScTU1TFB633t70U=
-12,9,eqFVK5+D/ZBvXenuBs6+f/jJKrY=,ex+4MdEW3NlBX1J99EBMen1u96w=
-12,8,eqFVK5+D/ZBvXenuBs6+f/jJKrY=,ex+4MdEW3NlBX1J99EBMen1u96w=
-14,10,eqFVK5+D/ZBvXenuBs6+f/jJKrY=,850o9RdLhWc7TZaEAEA6/HUKnHg=
-12,7,eqFVK5+D/ZBvXenuBs6+f/jJKrY=,9kwW179dD0pDp+NzPTrd7UhcD0g=
-14,9,eqFVK5+D/ZBvXenuBs6+f/jJKrY=,HT9uFn4NroHXg33mtszH59ZqCCk=
-15,7,eqFVK5+D/ZBvXenuBs6+f/jJKrY=,sTuLAgb0xy/QhqI44tYiUemOxKs=
-7,12,eqFVK5+D/ZBvXenuBs6+f/jJKrY=,uNxSvQPN07Ig9BI74U5joSJ+AdI=
-2,9,eqFVK5+D/ZBvXenuBs6+f/jJKrY=,6TCpMwrg04qVterrcd3vznrwk08=
-14,13,eqFVK5+D/ZBvXenuBs6+f/jJKrY=,w7xD20gM4IvJDFCPSgS79yEo68o=
-7,11,eqFVK5+D/ZBvXenuBs6+f/jJKrY=,lFuap/NkE5jSYPJ9FRDqJOkskbM=
-15,14,eqFVK5+D/ZBvXenuBs6+f/jJKrY=,WSQtRhZke4fWScTU1TFB633t70U=
-13,7,eqFVK5+D/ZBvXenuBs6+f/jJKrY=,+wAEiK0HmGkr/H35NEPmTJYAa4M=
-14,8,eqFVK5+D/ZBvXenuBs6+f/jJKrY=,HT9uFn4NroHXg33mtszH59ZqCCk=
-2,10,eqFVK5+D/ZBvXenuBs6+f/jJKrY=,3MruuFMKLVHhicIFvrQb2admHFM=
-3,7,eqFVK5+D/ZBvXenuBs6+f/jJKrY=,ypl9k8fWwYRk/ZQJOsKnvDE42fQ=
-2,8,eqFVK5+D/ZBvXenuBs6+f/jJKrY=,6TCpMwrg04qVterrcd3vznrwk08=
-16,7,eqFVK5+D/ZBvXenuBs6+f/jJKrY=,sTuLAgb0xy/QhqI44tYiUemOxKs=
-1,3,eqFVK5+D/ZBvXenuBs6+f/jJKrY=,GTR7aggSFcx+uLAx5p96ZJUtCLQ=
-2,7,eqFVK5+D/ZBvXenuBs6+f/jJKrY=,EKqurWgD74TwnEbcTlnd+kKarxw=
-12,10,eqFVK5+D/ZBvXenuBs6+f/jJKrY=,dRgPWX8+nEvWo4PvcYm8lUaW/Nk=
-13,10,eqFVK5+D/ZBvXenuBs6+f/jJKrY=,850o9RdLhWc7TZaEAEA6/HUKnHg=
-13,8,eqFVK5+D/ZBvXenuBs6+f/jJKrY=,HT9uFn4NroHXg33mtszH59ZqCCk=
-16,15,eqFVK5+D/ZBvXenuBs6+f/jJKrY=,WSQtRhZke4fWScTU1TFB633t70U=
-13,9,eqFVK5+D/ZBvXenuBs6+f/jJKrY=,HT9uFn4NroHXg33mtszH59ZqCCk=
-5,9,ZqDy02rHjL9dYRf+RemvJK5f5gQ=,10yLGYu4TWrBAyutED5Bv1VltWk=
-16,6,ZqDy02rHjL9dYRf+RemvJK5f5gQ=,sTuLAgb0xy/QhqI44tYiUemOxKs=
-6,9,ZqDy02rHjL9dYRf+RemvJK5f5gQ=,10yLGYu4TWrBAyutED5Bv1VltWk=
-7,10,ZqDy02rHjL9dYRf+RemvJK5f5gQ=,lFuap/NkE5jSYPJ9FRDqJOkskbM=
-16,5,ZqDy02rHjL9dYRf+RemvJK5f5gQ=,2UJse1hGKM/nYSph/mz5K1cv0rI=
-14,7,uOrOqEvRzr4kztP1d0/O9aqyO1k=,+wAEiK0HmGkr/H35NEPmTJYAa4M=
-16,12,uOrOqEvRzr4kztP1d0/O9aqyO1k=,z703NyZFrwgJFwlHa8EfgGDe7ro=
-9,15,uOrOqEvRzr4kztP1d0/O9aqyO1k=,5n8ifGXUXAQSvqY0mV3PUQ082FM=
-7,13,uOrOqEvRzr4kztP1d0/O9aqyO1k=,uNxSvQPN07Ig9BI74U5joSJ+AdI=
-7,9,uOrOqEvRzr4kztP1d0/O9aqyO1k=,OG4vhXrFgRuvNlki52yBg3uCxuw=
-16,0,uOrOqEvRzr4kztP1d0/O9aqyO1k=,1IgFIErIgvasXpt5dgk+hxBTWeY=
-16,1,uOrOqEvRzr4kztP1d0/O9aqyO1k=,1IgFIErIgvasXpt5dgk+hxBTWeY=
-4,7,uOrOqEvRzr4kztP1d0/O9aqyO1k=,ypl9k8fWwYRk/ZQJOsKnvDE42fQ=
-16,4,uOrOqEvRzr4kztP1d0/O9aqyO1k=,2UJse1hGKM/nYSph/mz5K1cv0rI=
-16,2,uOrOqEvRzr4kztP1d0/O9aqyO1k=,iFwIYRMXnKCDv8mLV+RFWkDyMIM=
-5,8,uOrOqEvRzr4kztP1d0/O9aqyO1k=,10yLGYu4TWrBAyutED5Bv1VltWk=
-16,3,uOrOqEvRzr4kztP1d0/O9aqyO1k=,iFwIYRMXnKCDv8mLV+RFWkDyMIM=
-6,6,uOrOqEvRzr4kztP1d0/O9aqyO1k=,CcoWu7cFskERHPFe4q8SeHuyWGY=
-7,5,OQslpdCUXEgFzDJmpx9VdrMUWec=,/O8kwBJD3DXN7a6cXe+Uv8j8T6o=
-4,6,OQslpdCUXEgFzDJmpx9VdrMUWec=,ypl9k8fWwYRk/ZQJOsKnvDE42fQ=
-7,8,OQslpdCUXEgFzDJmpx9VdrMUWec=,OG4vhXrFgRuvNlki52yBg3uCxuw=
-5,5,OQslpdCUXEgFzDJmpx9VdrMUWec=,yvkauVXOfeni7RkTCCrPr5CECLc=
-5,7,OQslpdCUXEgFzDJmpx9VdrMUWec=,CcoWu7cFskERHPFe4q8SeHuyWGY=
-6,8,OQslpdCUXEgFzDJmpx9VdrMUWec=,10yLGYu4TWrBAyutED5Bv1VltWk=
-6,5,OQslpdCUXEgFzDJmpx9VdrMUWec=,yvkauVXOfeni7RkTCCrPr5CECLc=
-6,7,OQslpdCUXEgFzDJmpx9VdrMUWec=,CcoWu7cFskERHPFe4q8SeHuyWGY=
-7,6,OQslpdCUXEgFzDJmpx9VdrMUWec=,TXFmwHTkzndyfA46G1issYbnEdg=
-7,7,OQslpdCUXEgFzDJmpx9VdrMUWec=,TXFmwHTkzndyfA46G1issYbnEdg=
-4,5,OQslpdCUXEgFzDJmpx9VdrMUWec=,KcM00fVc7MpPInVMh2IyNw/DQL4=
-5,6,OQslpdCUXEgFzDJmpx9VdrMUWec=,CcoWu7cFskERHPFe4q8SeHuyWGY=
-1,0,N3OWnwjDjXzxP5BizZEgV8bFywo=,XW9am/F/EtHu94QnMD2TKrgj21c=
