18,-12,Rvbujn6OOcBhmoXPFEihjaJZjZI=,Wi+ywxX/mMvU97RP4MguIlRs3c0=
18,-13,Rvbujn6OOcBhmoXPFEihjaJZjZI=,GDdh9qAO6/OdBF+4sJ8VHJt26nI=
17,-12,Rvbujn6OOcBhmoXPFEihjaJZjZI=,cv5R9/ifC52BK7x6NxxrsU0aeGY=
19,-15,ofd34AhQ1/7nC7EU7f6pHpTZLEI=,0xdIZQIrGN0H3F1TN0y2gQNPRtY=
20,-14,ofd34AhQ1/7nC7EU7f6pHpTZLEI=,n0wcfJIUdhJbHC86LgMrJEbhVig=
19,-14,ofd34AhQ1/7nC7EU7f6pHpTZLEI=,GDdh9qAO6/OdBF+4sJ8VHJt26nI=
22,-14,ofd34AhQ1/7nC7EU7f6pHpTZLEI=,t+VO0chbylqUPDsc4l/kpTja8KI=
20,-15,ofd34AhQ1/7nC7EU7f6pHpTZLEI=,W6EtlvEBgFN2tU5nJGvfASNJYF0=
23,-14,ofd34AhQ1/7nC7EU7f6pHpTZLEI=,t+VO0chbylqUPDsc4l/kpTja8KI=
21,-14,ofd34AhQ1/7nC7EU7f6pHpTZLEI=,n0wcfJIUdhJbHC86LgMrJEbhVig=
24,-14,ofd34AhQ1/7nC7EU7f6pHpTZLEI=,euFaSIjBsWQ2rY8uNlEPgPd0Kig=
25,-14,ofd34AhQ1/7nC7EU7f6pHpTZLEI=,euFaSIjBsWQ2rY8uNlEPgPd0Kig=
22,-15,ofd34AhQ1/7nC7EU7f6pHpTZLEI=,zZYBXp30krqcXHh2WtnPyJpvCN4=
26,-14,ofd34AhQ1/7nC7EU7f6pHpTZLEI=,Tcx990VQOgDeSrevdN5a/+2HbGU=
24,-15,ofd34AhQ1/7nC7EU7f6pHpTZLEI=,zlK7kOIw20V3Y3ARbVkpLBsaHlE=
26,-15,ofd34AhQ1/7nC7EU7f6pHpTZLEI=,FWxDmmTVknDa3n84cMVJsSep6lw=
25,-15,uqydJNg3xzYXqR82zKiC9s2hK6Q=,zlK7kOIw20V3Y3ARbVkpLBsaHlE=
16,-11,uqydJNg3xzYXqR82zKiC9s2hK6Q=,cv5R9/ifC52BK7x6NxxrsU0aeGY=
21,-15,uqydJNg3xzYXqR82zKiC9s2hK6Q=,W6EtlvEBgFN2tU5nJGvfASNJYF0=
31,-15,uqydJNg3xzYXqR82zKiC9s2hK6Q=,Wp6fLm+ocVlbKyPGT2mBDmNc36Y=
23,-15,uqydJNg3xzYXqR82zKiC9s2hK6Q=,zZYBXp30krqcXHh2WtnPyJpvCN4=
31,-16,uqydJNg3xzYXqR82zKiC9s2hK6Q=,Wp6fLm+ocVlbKyPGT2mBDmNc36Y=
27,-16,uqydJNg3xzYXqR82zKiC9s2hK6Q=,FWxDmmTVknDa3n84cMVJsSep6lw=
30,-15,uqydJNg3xzYXqR82zKiC9s2hK6Q=,Wp6fLm+ocVlbKyPGT2mBDmNc36Y=
29,-14,uqydJNg3xzYXqR82zKiC9s2hK6Q=,Uk3dZCbi2gchbUf6/0oBd+tkk5k=
27,-15,To4eOKLHR053xUaaPCekBTRn674=,FWxDmmTVknDa3n84cMVJsSep6lw=
28,-15,To4eOKLHR053xUaaPCekBTRn674=,qJdQYK57F6e+vRlNRSAuHjF0iR4=
28,-16,To4eOKLHR053xUaaPCekBTRn674=,qJdQYK57F6e+vRlNRSAuHjF0iR4=
28,-14,To4eOKLHR053xUaaPCekBTRn674=,Uk3dZCbi2gchbUf6/0oBd+tkk5k=
27,-14,To4eOKLHR053xUaaPCekBTRn674=,Tcx990VQOgDeSrevdN5a/+2HbGU=
29,-15,To4eOKLHR053xUaaPCekBTRn674=,qJdQYK57F6e+vRlNRSAuHjF0iR4=
30,-16,To4eOKLHR053xUaaPCekBTRn674=,Wp6fLm+ocVlbKyPGT2mBDmNc36Y=
29,-16,To4eOKLHR053xUaaPCekBTRn674=,qJdQYK57F6e+vRlNRSAuHjF0iR4=
16,-8,To4eOKLHR053xUaaPCekBTRn674=,4Fp8iWgtCQ7Ji31CXZu69+AAyBI=
20,-3,Hi40/v5SJ17Quq3NtOeH5HFQX8A=,/ggMoED/wHTjGBy4GebEJCnXeYE=
19,-3,Hi40/v5SJ17Quq3NtOeH5HFQX8A=,OAAstbDcRvUvsEvmSZAlRpSM4c8=
19,-2,wOpdLZe9/olAoyd7GYnQO45VvM0=,1kAeioerCN7evC9BpGgjbr0Rq30=
22,-3,wOpdLZe9/olAoyd7GYnQO45VvM0=,9QwVWflz9bSQdJynV/9uun1lO+0=
21,-3,wOpdLZe9/olAoyd7GYnQO45VvM0=,/ggMoED/wHTjGBy4GebEJCnXeYE=
22,-2,wOpdLZe9/olAoyd7GYnQO45VvM0=,5dIq4Ro5qLDQyRqm5f5SshH8xYM=
20,-2,wOpdLZe9/olAoyd7GYnQO45VvM0=,QE5m28Y/HronAQPgXTqUJgyzWN0=
18,-3,wOpdLZe9/olAoyd7GYnQO45VvM0=,OAAstbDcRvUvsEvmSZAlRpSM4c8=
17,-3,wOpdLZe9/olAoyd7GYnQO45VvM0=,irjrObRZgsRIpAY1KH6BFjJV1ho=
18,-2,wOpdLZe9/olAoyd7GYnQO45VvM0=,1kAeioerCN7evC9BpGgjbr0Rq30=
17,-2,wOpdLZe9/olAoyd7GYnQO45VvM0=,GYvpSE37jFyse2Rfh1ygJa4tP54=
24,-3,wOpdLZe9/olAoyd7GYnQO45VvM0=,xP2mwRQ4vWBRZtatWVIDTtd0CCk=
23,-3,wOpdLZe9/olAoyd7GYnQO45VvM0=,9QwVWflz9bSQdJynV/9uun1lO+0=
25,-3,Vmz+c1x2xwKfwUmFiwWMRYev9tg=,xP2mwRQ4vWBRZtatWVIDTtd0CCk=
26,-3,Vmz+c1x2xwKfwUmFiwWMRYev9tg=,kfVnpSNUXAbKCUC9zkhMcN3cdIY=
23,-2,Vmz+c1x2xwKfwUmFiwWMRYev9tg=,5dIq4Ro5qLDQyRqm5f5SshH8xYM=
24,-2,Vmz+c1x2xwKfwUmFiwWMRYev9tg=,PZRL+DinJ8IZlaQqsWs2hcYg8mc=
25,-2,Vmz+c1x2xwKfwUmFiwWMRYev9tg=,PZRL+DinJ8IZlaQqsWs2hcYg8mc=
27,-3,Vmz+c1x2xwKfwUmFiwWMRYev9tg=,kfVnpSNUXAbKCUC9zkhMcN3cdIY=
28,-3,Vmz+c1x2xwKfwUmFiwWMRYev9tg=,HbpuPZANYmP9H/+6HbiWxGCHYoc=
26,-2,Vmz+c1x2xwKfwUmFiwWMRYev9tg=,EX+mFtDoW9QlOAy/Rc+pMA2cg1k=
21,-2,Vmz+c1x2xwKfwUmFiwWMRYev9tg=,QE5m28Y/HronAQPgXTqUJgyzWN0=
28,-2,Vmz+c1x2xwKfwUmFiwWMRYev9tg=,V8yQIFo6Dc6G1L2MbjFXNl2qOes=
27,-2,Vmz+c1x2xwKfwUmFiwWMRYev9tg=,EX+mFtDoW9QlOAy/Rc+pMA2cg1k=
29,-1,lvdNu2224oc5hrWMCqyt8W7ZtH8=,V8yQIFo6Dc6G1L2MbjFXNl2qOes=
30,-1,lvdNu2224oc5hrWMCqyt8W7ZtH8=,VJT5o/bZmPPZtWRtmatdMHhmhNQ=
16,-6,lvdNu2224oc5hrWMCqyt8W7ZtH8=,tYPa9yZ8/SdwDVbUbQWOIpeb4Yo=
16,-7,lvdNu2224oc5hrWMCqyt8W7ZtH8=,4Fp8iWgtCQ7Ji31CXZu69+AAyBI=
30,-5,lvdNu2224oc5hrWMCqyt8W7ZtH8=,xK9qc3P4bLvsUpTh7Vfx6kUDe/I=
29,-3,lvdNu2224oc5hrWMCqyt8W7ZtH8=,HbpuPZANYmP9H/+6HbiWxGCHYoc=
30,-2,lvdNu2224oc5hrWMCqyt8W7ZtH8=,VJT5o/bZmPPZtWRtmatdMHhmhNQ=
29,-4,lvdNu2224oc5hrWMCqyt8W7ZtH8=,HbpuPZANYmP9H/+6HbiWxGCHYoc=
30,-3,lvdNu2224oc5hrWMCqyt8W7ZtH8=,hPHqy8LF6eBUxgD6sM5S7LVT0ak=
29,-2,lvdNu2224oc5hrWMCqyt8W7ZtH8=,V8yQIFo6Dc6G1L2MbjFXNl2qOes=
30,-4,lvdNu2224oc5hrWMCqyt8W7ZtH8=,hPHqy8LF6eBUxgD6sM5S7LVT0ak=
31,-1,WWK9viVp52kKYunXQrXag8DXEI0=,VJT5o/bZmPPZtWRtmatdMHhmhNQ=
31,-6,WWK9viVp52kKYunXQrXag8DXEI0=,xK9qc3P4bLvsUpTh7Vfx6kUDe/I=
31,-3,WWK9viVp52kKYunXQrXag8DXEI0=,hPHqy8LF6eBUxgD6sM5S7LVT0ak=
31,-2,WWK9viVp52kKYunXQrXag8DXEI0=,VJT5o/bZmPPZtWRtmatdMHhmhNQ=
31,-4,WWK9viVp52kKYunXQrXag8DXEI0=,hPHqy8LF6eBUxgD6sM5S7LVT0ak=
19,-1,WWK9viVp52kKYunXQrXag8DXEI0=,1kAeioerCN7evC9BpGgjbr0Rq30=
18,-14,mbaf2aI7p4UjNo8kjQWo0FLRd1Y=,GDdh9qAO6/OdBF+4sJ8VHJt26nI=
20,-1,mbaf2aI7p4UjNo8kjQWo0FLRd1Y=,QE5m28Y/HronAQPgXTqUJgyzWN0=
17,-15,mbaf2aI7p4UjNo8kjQWo0FLRd1Y=,HKT2eDUe8DjRO0teW+m07SNemcs=
18,-15,mbaf2aI7p4UjNo8kjQWo0FLRd1Y=,0xdIZQIrGN0H3F1TN0y2gQNPRtY=
16,-2,mbaf2aI7p4UjNo8kjQWo0FLRd1Y=,GYvpSE37jFyse2Rfh1ygJa4tP54=
18,-1,mbaf2aI7p4UjNo8kjQWo0FLRd1Y=,1kAeioerCN7evC9BpGgjbr0Rq30=
31,-5,mbaf2aI7p4UjNo8kjQWo0FLRd1Y=,xK9qc3P4bLvsUpTh7Vfx6kUDe/I=
22,-16,mbaf2aI7p4UjNo8kjQWo0FLRd1Y=,zZYBXp30krqcXHh2WtnPyJpvCN4=
16,-15,mbaf2aI7p4UjNo8kjQWo0FLRd1Y=,HKT2eDUe8DjRO0teW+m07SNemcs=
19,-12,mbaf2aI7p4UjNo8kjQWo0FLRd1Y=,Wi+ywxX/mMvU97RP4MguIlRs3c0=
20,-13,mbaf2aI7p4UjNo8kjQWo0FLRd1Y=,n0wcfJIUdhJbHC86LgMrJEbhVig=
19,-13,mbaf2aI7p4UjNo8kjQWo0FLRd1Y=,GDdh9qAO6/OdBF+4sJ8VHJt26nI=
17,-11,mbaf2aI7p4UjNo8kjQWo0FLRd1Y=,cv5R9/ifC52BK7x6NxxrsU0aeGY=
18,-11,mbaf2aI7p4UjNo8kjQWo0FLRd1Y=,Wi+ywxX/mMvU97RP4MguIlRs3c0=
19,-11,mbaf2aI7p4UjNo8kjQWo0FLRd1Y=,Wi+ywxX/mMvU97RP4MguIlRs3c0=
22,-13,mbaf2aI7p4UjNo8kjQWo0FLRd1Y=,t+VO0chbylqUPDsc4l/kpTja8KI=
21,-13,mbaf2aI7p4UjNo8kjQWo0FLRd1Y=,n0wcfJIUdhJbHC86LgMrJEbhVig=
23,-13,mbaf2aI7p4UjNo8kjQWo0FLRd1Y=,t+VO0chbylqUPDsc4l/kpTja8KI=
24,-13,mbaf2aI7p4UjNo8kjQWo0FLRd1Y=,euFaSIjBsWQ2rY8uNlEPgPd0Kig=
24,-4,mbaf2aI7p4UjNo8kjQWo0FLRd1Y=,xP2mwRQ4vWBRZtatWVIDTtd0CCk=
23,-4,mbaf2aI7p4UjNo8kjQWo0FLRd1Y=,9QwVWflz9bSQdJynV/9uun1lO+0=
17,-4,mbaf2aI7p4UjNo8kjQWo0FLRd1Y=,irjrObRZgsRIpAY1KH6BFjJV1ho=
18,-4,mbaf2aI7p4UjNo8kjQWo0FLRd1Y=,OAAstbDcRvUvsEvmSZAlRpSM4c8=
21,-16,mbaf2aI7p4UjNo8kjQWo0FLRd1Y=,W6EtlvEBgFN2tU5nJGvfASNJYF0=
16,-12,mbaf2aI7p4UjNo8kjQWo0FLRd1Y=,cv5R9/ifC52BK7x6NxxrsU0aeGY=
16,-3,mbaf2aI7p4UjNo8kjQWo0FLRd1Y=,irjrObRZgsRIpAY1KH6BFjJV1ho=
16,-5,ohuXOgr1laFYt+zGsgN8CIJgOMA=,tYPa9yZ8/SdwDVbUbQWOIpeb4Yo=
17,-8,ohuXOgr1laFYt+zGsgN8CIJgOMA=,4Fp8iWgtCQ7Ji31CXZu69+AAyBI=
17,-1,ohuXOgr1laFYt+zGsgN8CIJgOMA=,GYvpSE37jFyse2Rfh1ygJa4tP54=
21,-1,ohuXOgr1laFYt+zGsgN8CIJgOMA=,QE5m28Y/HronAQPgXTqUJgyzWN0=
16,-4,ohuXOgr1laFYt+zGsgN8CIJgOMA=,irjrObRZgsRIpAY1KH6BFjJV1ho=
17,-5,ohuXOgr1laFYt+zGsgN8CIJgOMA=,tYPa9yZ8/SdwDVbUbQWOIpeb4Yo=
16,-1,ohuXOgr1laFYt+zGsgN8CIJgOMA=,GYvpSE37jFyse2Rfh1ygJa4tP54=
17,-7,ohuXOgr1laFYt+zGsgN8CIJgOMA=,4Fp8iWgtCQ7Ji31CXZu69+AAyBI=
17,-6,ohuXOgr1laFYt+zGsgN8CIJgOMA=,tYPa9yZ8/SdwDVbUbQWOIpeb4Yo=
28,-1,ohuXOgr1laFYt+zGsgN8CIJgOMA=,V8yQIFo6Dc6G1L2MbjFXNl2qOes=
26,-13,ohuXOgr1laFYt+zGsgN8CIJgOMA=,Tcx990VQOgDeSrevdN5a/+2HbGU=
25,-13,ohuXOgr1laFYt+zGsgN8CIJgOMA=,euFaSIjBsWQ2rY8uNlEPgPd0Kig=
23,-16,ohuXOgr1laFYt+zGsgN8CIJgOMA=,zZYBXp30krqcXHh2WtnPyJpvCN4=
24,-16,ohuXOgr1laFYt+zGsgN8CIJgOMA=,zlK7kOIw20V3Y3ARbVkpLBsaHlE=
22,-4,ohuXOgr1laFYt+zGsgN8CIJgOMA=,9QwVWflz9bSQdJynV/9uun1lO+0=
20,-4,ohuXOgr1laFYt+zGsgN8CIJgOMA=,/ggMoED/wHTjGBy4GebEJCnXeYE=
21,-4,ohuXOgr1laFYt+zGsgN8CIJgOMA=,/ggMoED/wHTjGBy4GebEJCnXeYE=
19,-4,ohuXOgr1laFYt+zGsgN8CIJgOMA=,OAAstbDcRvUvsEvmSZAlRpSM4c8=
30,-6,ohuXOgr1laFYt+zGsgN8CIJgOMA=,xK9qc3P4bLvsUpTh7Vfx6kUDe/I=
28,-13,ohuXOgr1laFYt+zGsgN8CIJgOMA=,Uk3dZCbi2gchbUf6/0oBd+tkk5k=
27,-13,ohuXOgr1laFYt+zGsgN8CIJgOMA=,Tcx990VQOgDeSrevdN5a/+2HbGU=
26,-4,ohuXOgr1laFYt+zGsgN8CIJgOMA=,kfVnpSNUXAbKCUC9zkhMcN3cdIY=
27,-4,ohuXOgr1laFYt+zGsgN8CIJgOMA=,kfVnpSNUXAbKCUC9zkhMcN3cdIY=
25,-4,ohuXOgr1laFYt+zGsgN8CIJgOMA=,xP2mwRQ4vWBRZtatWVIDTtd0CCk=
29,-13,ohuXOgr1laFYt+zGsgN8CIJgOMA=,Uk3dZCbi2gchbUf6/0oBd+tkk5k=
28,-4,ohuXOgr1laFYt+zGsgN8CIJgOMA=,HbpuPZANYmP9H/+6HbiWxGCHYoc=
27,-1,ohuXOgr1laFYt+zGsgN8CIJgOMA=,EX+mFtDoW9QlOAy/Rc+pMA2cg1k=
26,-16,ohuXOgr1laFYt+zGsgN8CIJgOMA=,FWxDmmTVknDa3n84cMVJsSep6lw=
19,-16,ohuXOgr1laFYt+zGsgN8CIJgOMA=,0xdIZQIrGN0H3F1TN0y2gQNPRtY=
25,-16,ohuXOgr1laFYt+zGsgN8CIJgOMA=,zlK7kOIw20V3Y3ARbVkpLBsaHlE=
26,-1,ohuXOgr1laFYt+zGsgN8CIJgOMA=,EX+mFtDoW9QlOAy/Rc+pMA2cg1k=
22,-1,ohuXOgr1laFYt+zGsgN8CIJgOMA=,5dIq4Ro5qLDQyRqm5f5SshH8xYM=
24,-1,ohuXOgr1laFYt+zGsgN8CIJgOMA=,PZRL+DinJ8IZlaQqsWs2hcYg8mc=
16,-16,ohuXOgr1laFYt+zGsgN8CIJgOMA=,HKT2eDUe8DjRO0teW+m07SNemcs=
20,-16,ohuXOgr1laFYt+zGsgN8CIJgOMA=,W6EtlvEBgFN2tU5nJGvfASNJYF0=
18,-16,ohuXOgr1laFYt+zGsgN8CIJgOMA=,0xdIZQIrGN0H3F1TN0y2gQNPRtY=
25,-1,ohuXOgr1laFYt+zGsgN8CIJgOMA=,PZRL+DinJ8IZlaQqsWs2hcYg8mc=
17,-16,ohuXOgr1laFYt+zGsgN8CIJgOMA=,HKT2eDUe8DjRO0teW+m07SNemcs=
23,-1,9CSHUAk6053JXolGs576h+RtDpo=,5dIq4Ro5qLDQyRqm5f5SshH8xYM=
28,-24,NmTOaScnPc0iwnivTH/uCBbeNp8=,RcqVoGwkrrnWVRpt/0llTHJdywU=
27,-24,NmTOaScnPc0iwnivTH/uCBbeNp8=,LlPMyXTLX39WV/voho/MX2IDN4c=
23,-26,NmTOaScnPc0iwnivTH/uCBbeNp8=,Cr8h3OAaiczVeIfdf6SI/6OK0yE=
28,-25,NmTOaScnPc0iwnivTH/uCBbeNp8=,dFtwU5e7oywvRO7z+dGtxefGkpo=
24,-26,NmTOaScnPc0iwnivTH/uCBbeNp8=,SC0Ksd2cntpU5mazwukcauI89WA=
24,-27,NmTOaScnPc0iwnivTH/uCBbeNp8=,d7BWVLDjlr5CRffFufsoo2vVYjA=
23,-27,NmTOaScnPc0iwnivTH/uCBbeNp8=,a2516yCDYJ1ZH9xEIxctrEYC4wE=
27,-25,k24p3VpmSlyDe0xM6zT7NX/0tho=,iW3uqXi0cpt7sJKFmIrUqUljOTQ=
19,-25,k24p3VpmSlyDe0xM6zT7NX/0tho=,SGs58Ic4n3iEoiR52BFnG3DvyVU=
20,-25,k24p3VpmSlyDe0xM6zT7NX/0tho=,wKFk3CFBMjrL3qPeLCmqmvXN558=
21,-27,k24p3VpmSlyDe0xM6zT7NX/0tho=,+hSlWc3SS2FxXyCq+ES0p1YOHxE=
22,-25,k24p3VpmSlyDe0xM6zT7NX/0tho=,Cr8h3OAaiczVeIfdf6SI/6OK0yE=
21,-25,k24p3VpmSlyDe0xM6zT7NX/0tho=,wKFk3CFBMjrL3qPeLCmqmvXN558=
21,-28,k24p3VpmSlyDe0xM6zT7NX/0tho=,+hSlWc3SS2FxXyCq+ES0p1YOHxE=
22,-28,k24p3VpmSlyDe0xM6zT7NX/0tho=,a2516yCDYJ1ZH9xEIxctrEYC4wE=
18,-25,k24p3VpmSlyDe0xM6zT7NX/0tho=,SGs58Ic4n3iEoiR52BFnG3DvyVU=
17,-25,k24p3VpmSlyDe0xM6zT7NX/0tho=,9nE3hND/0b7eEojeROhUJNziN/g=
22,-27,k24p3VpmSlyDe0xM6zT7NX/0tho=,a2516yCDYJ1ZH9xEIxctrEYC4wE=
17,-28,k24p3VpmSlyDe0xM6zT7NX/0tho=,m7dEJCaTjGu+fOU7M8KBUafuwW4=
17,-26,k24p3VpmSlyDe0xM6zT7NX/0tho=,9nE3hND/0b7eEojeROhUJNziN/g=
20,-28,k24p3VpmSlyDe0xM6zT7NX/0tho=,+hSlWc3SS2FxXyCq+ES0p1YOHxE=
19,-28,k24p3VpmSlyDe0xM6zT7NX/0tho=,KiPtGRQmuO4jO1MiqzztQEcLnPY=
20,-27,k24p3VpmSlyDe0xM6zT7NX/0tho=,+hSlWc3SS2FxXyCq+ES0p1YOHxE=
16,-25,k24p3VpmSlyDe0xM6zT7NX/0tho=,9nE3hND/0b7eEojeROhUJNziN/g=
21,-26,k24p3VpmSlyDe0xM6zT7NX/0tho=,wKFk3CFBMjrL3qPeLCmqmvXN558=
18,-26,k24p3VpmSlyDe0xM6zT7NX/0tho=,SGs58Ic4n3iEoiR52BFnG3DvyVU=
19,-26,k24p3VpmSlyDe0xM6zT7NX/0tho=,SGs58Ic4n3iEoiR52BFnG3DvyVU=
18,-28,k24p3VpmSlyDe0xM6zT7NX/0tho=,KiPtGRQmuO4jO1MiqzztQEcLnPY=
22,-26,k24p3VpmSlyDe0xM6zT7NX/0tho=,Cr8h3OAaiczVeIfdf6SI/6OK0yE=
16,-27,k24p3VpmSlyDe0xM6zT7NX/0tho=,m7dEJCaTjGu+fOU7M8KBUafuwW4=
19,-27,k24p3VpmSlyDe0xM6zT7NX/0tho=,KiPtGRQmuO4jO1MiqzztQEcLnPY=
17,-27,k24p3VpmSlyDe0xM6zT7NX/0tho=,m7dEJCaTjGu+fOU7M8KBUafuwW4=
20,-26,k24p3VpmSlyDe0xM6zT7NX/0tho=,wKFk3CFBMjrL3qPeLCmqmvXN558=
16,-26,k24p3VpmSlyDe0xM6zT7NX/0tho=,9nE3hND/0b7eEojeROhUJNziN/g=
18,-27,k24p3VpmSlyDe0xM6zT7NX/0tho=,KiPtGRQmuO4jO1MiqzztQEcLnPY=
17,-18,25D5lnbbjuFg5sCS/+2phCXnT5E=,9i2zsZeHk6g7bqozHkkhS0q1W38=
20,-19,25D5lnbbjuFg5sCS/+2phCXnT5E=,hwooOw1do5p0LlLnR/lYYnne9uE=
18,-18,25D5lnbbjuFg5sCS/+2phCXnT5E=,f5myoeJxBMV9manJNvulRSAbXvQ=
19,-19,25D5lnbbjuFg5sCS/+2phCXnT5E=,fc1iDCUjOkTZTLJeoxcdaiQh76c=
20,-17,25D5lnbbjuFg5sCS/+2phCXnT5E=,nSmTquaoTC17AbwZy0uICqrt/4w=
20,-18,25D5lnbbjuFg5sCS/+2phCXnT5E=,nSmTquaoTC17AbwZy0uICqrt/4w=
17,-19,25D5lnbbjuFg5sCS/+2phCXnT5E=,gelLCvfgE3+HpoaIm8VsIhF2Uy4=
29,-18,25D5lnbbjuFg5sCS/+2phCXnT5E=,15pvp6UWed/Ye5+p2P3CHb+Ddjg=
30,-18,25D5lnbbjuFg5sCS/+2phCXnT5E=,liI2SGFajO8LOhRZcraxGNKYqOM=
19,-18,25D5lnbbjuFg5sCS/+2phCXnT5E=,f5myoeJxBMV9manJNvulRSAbXvQ=
19,-17,25D5lnbbjuFg5sCS/+2phCXnT5E=,f5myoeJxBMV9manJNvulRSAbXvQ=
18,-19,25D5lnbbjuFg5sCS/+2phCXnT5E=,fc1iDCUjOkTZTLJeoxcdaiQh76c=
31,-18,25D5lnbbjuFg5sCS/+2phCXnT5E=,liI2SGFajO8LOhRZcraxGNKYqOM=
21,-18,25D5lnbbjuFg5sCS/+2phCXnT5E=,nSmTquaoTC17AbwZy0uICqrt/4w=
21,-19,25D5lnbbjuFg5sCS/+2phCXnT5E=,hwooOw1do5p0LlLnR/lYYnne9uE=
28,-23,25D5lnbbjuFg5sCS/+2phCXnT5E=,RcqVoGwkrrnWVRpt/0llTHJdywU=
27,-23,25D5lnbbjuFg5sCS/+2phCXnT5E=,LlPMyXTLX39WV/voho/MX2IDN4c=
24,-25,25D5lnbbjuFg5sCS/+2phCXnT5E=,SC0Ksd2cntpU5mazwukcauI89WA=
23,-25,25D5lnbbjuFg5sCS/+2phCXnT5E=,Cr8h3OAaiczVeIfdf6SI/6OK0yE=
25,-25,25D5lnbbjuFg5sCS/+2phCXnT5E=,SC0Ksd2cntpU5mazwukcauI89WA=
26,-24,25D5lnbbjuFg5sCS/+2phCXnT5E=,LlPMyXTLX39WV/voho/MX2IDN4c=
21,-17,25D5lnbbjuFg5sCS/+2phCXnT5E=,nSmTquaoTC17AbwZy0uICqrt/4w=
26,-23,25D5lnbbjuFg5sCS/+2phCXnT5E=,LlPMyXTLX39WV/voho/MX2IDN4c=
30,-21,25D5lnbbjuFg5sCS/+2phCXnT5E=,Fg6DnvPcnW6fAkKnlPKipNe6USA=
29,-23,25D5lnbbjuFg5sCS/+2phCXnT5E=,RcqVoGwkrrnWVRpt/0llTHJdywU=
30,-22,25D5lnbbjuFg5sCS/+2phCXnT5E=,Fg6DnvPcnW6fAkKnlPKipNe6USA=
18,-17,25D5lnbbjuFg5sCS/+2phCXnT5E=,f5myoeJxBMV9manJNvulRSAbXvQ=
16,-18,25D5lnbbjuFg5sCS/+2phCXnT5E=,9i2zsZeHk6g7bqozHkkhS0q1W38=
16,-19,25D5lnbbjuFg5sCS/+2phCXnT5E=,gelLCvfgE3+HpoaIm8VsIhF2Uy4=
30,-23,25D5lnbbjuFg5sCS/+2phCXnT5E=,zQzjmqTlKq7WeH6eeFv8a6N1kZw=
16,-20,P0QbMNBXI/EQtmBuoTVqDUZ5LQs=,gelLCvfgE3+HpoaIm8VsIhF2Uy4=
31,-21,P0QbMNBXI/EQtmBuoTVqDUZ5LQs=,Fg6DnvPcnW6fAkKnlPKipNe6USA=
24,-28,P0QbMNBXI/EQtmBuoTVqDUZ5LQs=,d7BWVLDjlr5CRffFufsoo2vVYjA=
17,-17,P0QbMNBXI/EQtmBuoTVqDUZ5LQs=,9i2zsZeHk6g7bqozHkkhS0q1W38=
23,-28,P0QbMNBXI/EQtmBuoTVqDUZ5LQs=,a2516yCDYJ1ZH9xEIxctrEYC4wE=
28,-26,P0QbMNBXI/EQtmBuoTVqDUZ5LQs=,dFtwU5e7oywvRO7z+dGtxefGkpo=
27,-26,P0QbMNBXI/EQtmBuoTVqDUZ5LQs=,iW3uqXi0cpt7sJKFmIrUqUljOTQ=
30,-24,P0QbMNBXI/EQtmBuoTVqDUZ5LQs=,zQzjmqTlKq7WeH6eeFv8a6N1kZw=
29,-25,P0QbMNBXI/EQtmBuoTVqDUZ5LQs=,dFtwU5e7oywvRO7z+dGtxefGkpo=
26,-25,P0QbMNBXI/EQtmBuoTVqDUZ5LQs=,iW3uqXi0cpt7sJKFmIrUqUljOTQ=
21,-20,P0QbMNBXI/EQtmBuoTVqDUZ5LQs=,hwooOw1do5p0LlLnR/lYYnne9uE=
16,-28,P0QbMNBXI/EQtmBuoTVqDUZ5LQs=,m7dEJCaTjGu+fOU7M8KBUafuwW4=
18,-20,P0QbMNBXI/EQtmBuoTVqDUZ5LQs=,fc1iDCUjOkTZTLJeoxcdaiQh76c=
19,-20,P0QbMNBXI/EQtmBuoTVqDUZ5LQs=,fc1iDCUjOkTZTLJeoxcdaiQh76c=
20,-20,P0QbMNBXI/EQtmBuoTVqDUZ5LQs=,hwooOw1do5p0LlLnR/lYYnne9uE=
17,-20,P0QbMNBXI/EQtmBuoTVqDUZ5LQs=,gelLCvfgE3+HpoaIm8VsIhF2Uy4=
28,-18,P0QbMNBXI/EQtmBuoTVqDUZ5LQs=,15pvp6UWed/Ye5+p2P3CHb+Ddjg=
25,-28,P0QbMNBXI/EQtmBuoTVqDUZ5LQs=,d7BWVLDjlr5CRffFufsoo2vVYjA=
29,-26,P0QbMNBXI/EQtmBuoTVqDUZ5LQs=,dFtwU5e7oywvRO7z+dGtxefGkpo=
29,-24,P0QbMNBXI/EQtmBuoTVqDUZ5LQs=,RcqVoGwkrrnWVRpt/0llTHJdywU=
25,-27,P0QbMNBXI/EQtmBuoTVqDUZ5LQs=,d7BWVLDjlr5CRffFufsoo2vVYjA=
26,-26,P0QbMNBXI/EQtmBuoTVqDUZ5LQs=,iW3uqXi0cpt7sJKFmIrUqUljOTQ=
31,-17,P0QbMNBXI/EQtmBuoTVqDUZ5LQs=,liI2SGFajO8LOhRZcraxGNKYqOM=
31,-22,P0QbMNBXI/EQtmBuoTVqDUZ5LQs=,Fg6DnvPcnW6fAkKnlPKipNe6USA=
31,-24,P0QbMNBXI/EQtmBuoTVqDUZ5LQs=,zQzjmqTlKq7WeH6eeFv8a6N1kZw=
30,-17,P0QbMNBXI/EQtmBuoTVqDUZ5LQs=,liI2SGFajO8LOhRZcraxGNKYqOM=
28,-17,P0QbMNBXI/EQtmBuoTVqDUZ5LQs=,15pvp6UWed/Ye5+p2P3CHb+Ddjg=
25,-26,P0QbMNBXI/EQtmBuoTVqDUZ5LQs=,SC0Ksd2cntpU5mazwukcauI89WA=
29,-17,P0QbMNBXI/EQtmBuoTVqDUZ5LQs=,15pvp6UWed/Ye5+p2P3CHb+Ddjg=
31,-23,P0QbMNBXI/EQtmBuoTVqDUZ5LQs=,zQzjmqTlKq7WeH6eeFv8a6N1kZw=
16,-17,P0QbMNBXI/EQtmBuoTVqDUZ5LQs=,9i2zsZeHk6g7bqozHkkhS0q1W38=
7,-28,b+r46DLXgdRYDEauwRNkzSDNslw=,qtT60OaNMxQm/UtXxDyQkuwnED4=
8,-21,szrK5Chv1EfsHoXpGpaZy2p9CLU=,C5IE2wcM4gemTWMIAYNT1krqbgY=
8,-20,szrK5Chv1EfsHoXpGpaZy2p9CLU=,jTmkqJsgtZG046XEObAzyaxULiU=
7,-20,szrK5Chv1EfsHoXpGpaZy2p9CLU=,2YZD6HfnAGDx2Myf6KEoFbmsQJ4=
7,-21,szrK5Chv1EfsHoXpGpaZy2p9CLU=,kHTIrBoZhMOlqhdUC6hs+jmDuQw=
7,-29,szrK5Chv1EfsHoXpGpaZy2p9CLU=,VSRssHhNch90E0CFOdH9z2P1EJ8=
5,-24,szrK5Chv1EfsHoXpGpaZy2p9CLU=,3SGWZadG6lom9SrS8Od86phbcSY=
5,-23,szrK5Chv1EfsHoXpGpaZy2p9CLU=,3SGWZadG6lom9SrS8Od86phbcSY=
6,-20,szrK5Chv1EfsHoXpGpaZy2p9CLU=,2YZD6HfnAGDx2Myf6KEoFbmsQJ4=
5,-22,szrK5Chv1EfsHoXpGpaZy2p9CLU=,SoS7gZQe89htsi4q8Owl9+KLgWo=
5,-21,szrK5Chv1EfsHoXpGpaZy2p9CLU=,SoS7gZQe89htsi4q8Owl9+KLgWo=
6,-22,szrK5Chv1EfsHoXpGpaZy2p9CLU=,kHTIrBoZhMOlqhdUC6hs+jmDuQw=
5,-20,szrK5Chv1EfsHoXpGpaZy2p9CLU=,zcMPGTzvLOKJBXqQeSnNExoOeIk=
6,-23,szrK5Chv1EfsHoXpGpaZy2p9CLU=,enT/vuWnovCJVvW++7U27ziLQno=
6,-21,szrK5Chv1EfsHoXpGpaZy2p9CLU=,kHTIrBoZhMOlqhdUC6hs+jmDuQw=
6,-24,szrK5Chv1EfsHoXpGpaZy2p9CLU=,enT/vuWnovCJVvW++7U27ziLQno=
6,-25,szrK5Chv1EfsHoXpGpaZy2p9CLU=,zYuh7uNXl7X4VsCypoXfGn3XFCc=
8,-18,szrK5Chv1EfsHoXpGpaZy2p9CLU=,wSs1yY8o6zC9aT+v79jyPIDS+b4=
5,-18,szrK5Chv1EfsHoXpGpaZy2p9CLU=,MJzzEFuNltCMLM+V/mUk9lvmhL0=
7,-18,szrK5Chv1EfsHoXpGpaZy2p9CLU=,AtKvFcwbZ4K8jMtNGe4yxj6NOY4=
6,-18,szrK5Chv1EfsHoXpGpaZy2p9CLU=,AtKvFcwbZ4K8jMtNGe4yxj6NOY4=
5,-19,szrK5Chv1EfsHoXpGpaZy2p9CLU=,zcMPGTzvLOKJBXqQeSnNExoOeIk=
7,-19,szrK5Chv1EfsHoXpGpaZy2p9CLU=,2YZD6HfnAGDx2Myf6KEoFbmsQJ4=
6,-19,szrK5Chv1EfsHoXpGpaZy2p9CLU=,2YZD6HfnAGDx2Myf6KEoFbmsQJ4=
8,-19,szrK5Chv1EfsHoXpGpaZy2p9CLU=,jTmkqJsgtZG046XEObAzyaxULiU=
8,-17,szrK5Chv1EfsHoXpGpaZy2p9CLU=,wSs1yY8o6zC9aT+v79jyPIDS+b4=
10,-18,l2FLX9/IL2DeAVtYojrr+7TlCVs=,sVCPGes39xfHgdn2Dxz1LJLgLwk=
9,-18,l2FLX9/IL2DeAVtYojrr+7TlCVs=,wSs1yY8o6zC9aT+v79jyPIDS+b4=
9,-21,l2FLX9/IL2DeAVtYojrr+7TlCVs=,C5IE2wcM4gemTWMIAYNT1krqbgY=
7,-17,l2FLX9/IL2DeAVtYojrr+7TlCVs=,AtKvFcwbZ4K8jMtNGe4yxj6NOY4=
9,-19,l2FLX9/IL2DeAVtYojrr+7TlCVs=,jTmkqJsgtZG046XEObAzyaxULiU=
10,-19,l2FLX9/IL2DeAVtYojrr+7TlCVs=,aKWQoOeoU11yGBX7rq3iEdf0xRI=
10,-20,l2FLX9/IL2DeAVtYojrr+7TlCVs=,aKWQoOeoU11yGBX7rq3iEdf0xRI=
9,-20,l2FLX9/IL2DeAVtYojrr+7TlCVs=,jTmkqJsgtZG046XEObAzyaxULiU=
10,-21,l2FLX9/IL2DeAVtYojrr+7TlCVs=,OImjR05oZvEH3iZ3gokQDR27/E8=
11,-21,l2FLX9/IL2DeAVtYojrr+7TlCVs=,OImjR05oZvEH3iZ3gokQDR27/E8=
11,-20,l2FLX9/IL2DeAVtYojrr+7TlCVs=,aKWQoOeoU11yGBX7rq3iEdf0xRI=
12,-20,l2FLX9/IL2DeAVtYojrr+7TlCVs=,ivBQ/9LOM3EJbg1yWy/kjPcI4UU=
10,-17,Vp4opXwMhsNz0xbv+43Oqr98jBM=,sVCPGes39xfHgdn2Dxz1LJLgLwk=
9,-17,Vp4opXwMhsNz0xbv+43Oqr98jBM=,wSs1yY8o6zC9aT+v79jyPIDS+b4=
13,-20,Vp4opXwMhsNz0xbv+43Oqr98jBM=,ivBQ/9LOM3EJbg1yWy/kjPcI4UU=
14,-20,Vp4opXwMhsNz0xbv+43Oqr98jBM=,hbr6ylRdVkjZzGx6vLE9LoSjb+o=
15,-18,Vp4opXwMhsNz0xbv+43Oqr98jBM=,zC7j3yki/4wyJdFCYy0PKZIXxH0=
7,-30,Vp4opXwMhsNz0xbv+43Oqr98jBM=,VSRssHhNch90E0CFOdH9z2P1EJ8=
15,-19,Vp4opXwMhsNz0xbv+43Oqr98jBM=,hbr6ylRdVkjZzGx6vLE9LoSjb+o=
15,-20,Vp4opXwMhsNz0xbv+43Oqr98jBM=,hbr6ylRdVkjZzGx6vLE9LoSjb+o=
7,-31,Vp4opXwMhsNz0xbv+43Oqr98jBM=,CBbnggpkipiOYBIPeWo9GAsYZdc=
6,-31,Vp4opXwMhsNz0xbv+43Oqr98jBM=,CBbnggpkipiOYBIPeWo9GAsYZdc=
6,-30,Vp4opXwMhsNz0xbv+43Oqr98jBM=,VSRssHhNch90E0CFOdH9z2P1EJ8=
8,-22,Vp4opXwMhsNz0xbv+43Oqr98jBM=,C5IE2wcM4gemTWMIAYNT1krqbgY=
7,-23,Vp4opXwMhsNz0xbv+43Oqr98jBM=,enT/vuWnovCJVvW++7U27ziLQno=
12,-23,Vp4opXwMhsNz0xbv+43Oqr98jBM=,OlbJVRoJf1femQlRHjnLX333IO8=
10,-23,Vp4opXwMhsNz0xbv+43Oqr98jBM=,vB0i1y6l5BkTXaq4x+imKlykbeo=
9,-22,Vp4opXwMhsNz0xbv+43Oqr98jBM=,C5IE2wcM4gemTWMIAYNT1krqbgY=
13,-23,Vp4opXwMhsNz0xbv+43Oqr98jBM=,OlbJVRoJf1femQlRHjnLX333IO8=
7,-22,Vp4opXwMhsNz0xbv+43Oqr98jBM=,kHTIrBoZhMOlqhdUC6hs+jmDuQw=
10,-22,Vp4opXwMhsNz0xbv+43Oqr98jBM=,OImjR05oZvEH3iZ3gokQDR27/E8=
6,-32,Vp4opXwMhsNz0xbv+43Oqr98jBM=,CBbnggpkipiOYBIPeWo9GAsYZdc=
12,-26,Vp4opXwMhsNz0xbv+43Oqr98jBM=,6KtffmrOd92QRtZSBOUm91tVGZA=
11,-26,Vp4opXwMhsNz0xbv+43Oqr98jBM=,W7WmnHG/nDHY5QKFY4aUFR/hPVM=
11,-25,Vp4opXwMhsNz0xbv+43Oqr98jBM=,W7WmnHG/nDHY5QKFY4aUFR/hPVM=
12,-24,Vp4opXwMhsNz0xbv+43Oqr98jBM=,OlbJVRoJf1femQlRHjnLX333IO8=
7,-32,Vp4opXwMhsNz0xbv+43Oqr98jBM=,CBbnggpkipiOYBIPeWo9GAsYZdc=
12,-25,Vp4opXwMhsNz0xbv+43Oqr98jBM=,6KtffmrOd92QRtZSBOUm91tVGZA=
11,-23,Vp4opXwMhsNz0xbv+43Oqr98jBM=,vB0i1y6l5BkTXaq4x+imKlykbeo=
15,-17,Vp4opXwMhsNz0xbv+43Oqr98jBM=,zC7j3yki/4wyJdFCYy0PKZIXxH0=
10,-26,UMU1we/IyDOn36C3TkvJxfJ+Drs=,W7WmnHG/nDHY5QKFY4aUFR/hPVM=
10,-25,UMU1we/IyDOn36C3TkvJxfJ+Drs=,W7WmnHG/nDHY5QKFY4aUFR/hPVM=
11,-24,UMU1we/IyDOn36C3TkvJxfJ+Drs=,vB0i1y6l5BkTXaq4x+imKlykbeo=
11,-17,UMU1we/IyDOn36C3TkvJxfJ+Drs=,sVCPGes39xfHgdn2Dxz1LJLgLwk=
7,-27,UMU1we/IyDOn36C3TkvJxfJ+Drs=,qtT60OaNMxQm/UtXxDyQkuwnED4=
10,-24,UMU1we/IyDOn36C3TkvJxfJ+Drs=,vB0i1y6l5BkTXaq4x+imKlykbeo=
13,-19,UMU1we/IyDOn36C3TkvJxfJ+Drs=,ivBQ/9LOM3EJbg1yWy/kjPcI4UU=
11,-22,UMU1we/IyDOn36C3TkvJxfJ+Drs=,OImjR05oZvEH3iZ3gokQDR27/E8=
7,-26,UMU1we/IyDOn36C3TkvJxfJ+Drs=,zYuh7uNXl7X4VsCypoXfGn3XFCc=
11,-19,UMU1we/IyDOn36C3TkvJxfJ+Drs=,aKWQoOeoU11yGBX7rq3iEdf0xRI=
7,-24,UMU1we/IyDOn36C3TkvJxfJ+Drs=,enT/vuWnovCJVvW++7U27ziLQno=
14,-19,UMU1we/IyDOn36C3TkvJxfJ+Drs=,hbr6ylRdVkjZzGx6vLE9LoSjb+o=
7,-25,UMU1we/IyDOn36C3TkvJxfJ+Drs=,zYuh7uNXl7X4VsCypoXfGn3XFCc=
11,-18,UMU1we/IyDOn36C3TkvJxfJ+Drs=,sVCPGes39xfHgdn2Dxz1LJLgLwk=
14,-18,UMU1we/IyDOn36C3TkvJxfJ+Drs=,zC7j3yki/4wyJdFCYy0PKZIXxH0=
4,-21,UMU1we/IyDOn36C3TkvJxfJ+Drs=,SoS7gZQe89htsi4q8Owl9+KLgWo=
4,-20,UMU1we/IyDOn36C3TkvJxfJ+Drs=,zcMPGTzvLOKJBXqQeSnNExoOeIk=
4,-19,UMU1we/IyDOn36C3TkvJxfJ+Drs=,zcMPGTzvLOKJBXqQeSnNExoOeIk=
4,-18,UMU1we/IyDOn36C3TkvJxfJ+Drs=,MJzzEFuNltCMLM+V/mUk9lvmhL0=
4,-23,UMU1we/IyDOn36C3TkvJxfJ+Drs=,3SGWZadG6lom9SrS8Od86phbcSY=
4,-22,UMU1we/IyDOn36C3TkvJxfJ+Drs=,SoS7gZQe89htsi4q8Owl9+KLgWo=
12,-19,UMU1we/IyDOn36C3TkvJxfJ+Drs=,ivBQ/9LOM3EJbg1yWy/kjPcI4UU=
4,-24,UMU1we/IyDOn36C3TkvJxfJ+Drs=,3SGWZadG6lom9SrS8Od86phbcSY=
13,-24,UMU1we/IyDOn36C3TkvJxfJ+Drs=,OlbJVRoJf1femQlRHjnLX333IO8=
15,-25,UMU1we/IyDOn36C3TkvJxfJ+Drs=,FsHHklPMXaPocWotO33TIMpG6Nc=
4,-17,UMU1we/IyDOn36C3TkvJxfJ+Drs=,MJzzEFuNltCMLM+V/mUk9lvmhL0=
13,-18,UMU1we/IyDOn36C3TkvJxfJ+Drs=,ZaH8fI8dKm/KUptE1+JhCJfLYmw=
13,-25,UMU1we/IyDOn36C3TkvJxfJ+Drs=,6KtffmrOd92QRtZSBOUm91tVGZA=
5,-17,UMU1we/IyDOn36C3TkvJxfJ+Drs=,MJzzEFuNltCMLM+V/mUk9lvmhL0=
13,-26,UMU1we/IyDOn36C3TkvJxfJ+Drs=,6KtffmrOd92QRtZSBOUm91tVGZA=
6,-28,UMU1we/IyDOn36C3TkvJxfJ+Drs=,qtT60OaNMxQm/UtXxDyQkuwnED4=
14,-25,UMU1we/IyDOn36C3TkvJxfJ+Drs=,FsHHklPMXaPocWotO33TIMpG6Nc=
6,-17,UMU1we/IyDOn36C3TkvJxfJ+Drs=,AtKvFcwbZ4K8jMtNGe4yxj6NOY4=
12,-17,UMU1we/IyDOn36C3TkvJxfJ+Drs=,ZaH8fI8dKm/KUptE1+JhCJfLYmw=
12,-18,UMU1we/IyDOn36C3TkvJxfJ+Drs=,ZaH8fI8dKm/KUptE1+JhCJfLYmw=
15,-26,UMU1we/IyDOn36C3TkvJxfJ+Drs=,FsHHklPMXaPocWotO33TIMpG6Nc=
6,-26,UMU1we/IyDOn36C3TkvJxfJ+Drs=,zYuh7uNXl7X4VsCypoXfGn3XFCc=
6,-27,UMU1we/IyDOn36C3TkvJxfJ+Drs=,qtT60OaNMxQm/UtXxDyQkuwnED4=
14,-26,UMU1we/IyDOn36C3TkvJxfJ+Drs=,FsHHklPMXaPocWotO33TIMpG6Nc=
14,-17,UMU1we/IyDOn36C3TkvJxfJ+Drs=,zC7j3yki/4wyJdFCYy0PKZIXxH0=
6,-29,UMU1we/IyDOn36C3TkvJxfJ+Drs=,VSRssHhNch90E0CFOdH9z2P1EJ8=
13,-17,hdbJpPEhcSArpaj4bnnK5/DRIcA=,ZaH8fI8dKm/KUptE1+JhCJfLYmw=
3,-2,BGnwDhGfoksXvZBv51JQwbZvd3A=,5jEx9gyQGxMa3ULoToV6hHffPSI=
3,-3,5MqETYJW5dRkDPb9KTotKY197SU=,bhe2N3Exc3vLxrIli1OklBEhMSo=
4,-3,5MqETYJW5dRkDPb9KTotKY197SU=,Rh2n/YXjhQxcHZQZOzxDXsieJb0=
4,-2,5MqETYJW5dRkDPb9KTotKY197SU=,VueWQv3PTuiuX+JQFBnch7AWT2s=
2,-5,UCrknDQz2mS7nw+TfxWWW1S6rVE=,vsTSIAP8EDKGURirbdDprfDRDkg=
1,-3,UCrknDQz2mS7nw+TfxWWW1S6rVE=,QaWOz4mQlSi5ycVL9arzA22QNUQ=
2,-4,UCrknDQz2mS7nw+TfxWWW1S6rVE=,bhe2N3Exc3vLxrIli1OklBEhMSo=
2,-3,UCrknDQz2mS7nw+TfxWWW1S6rVE=,bhe2N3Exc3vLxrIli1OklBEhMSo=
1,-5,UCrknDQz2mS7nw+TfxWWW1S6rVE=,+8pXyVQYvsdlUzujMHlua+DNFZE=
1,-4,lyOs3RQJZFLpxxlRx1CxB6Bv0yg=,QaWOz4mQlSi5ycVL9arzA22QNUQ=
2,-2,lyOs3RQJZFLpxxlRx1CxB6Bv0yg=,5jEx9gyQGxMa3ULoToV6hHffPSI=
1,-2,lyOs3RQJZFLpxxlRx1CxB6Bv0yg=,MdviQuIguJMPzdqEllas6C7N6DA=
2,-7,vdo5vG5UkZNHtQ0/joTaOlsg1H0=,HD0hPRdLg4HeyClToduXz+zhaM4=
2,-9,vdo5vG5UkZNHtQ0/joTaOlsg1H0=,WW/UbXC67WSxObmT2/U5hKoK9ec=
1,-7,jXRhHZRiTcFDqiOpRpd15FVSC3s=,ojIpccrEPNIJ7NeX9R95tl10+k8=
2,-8,jXRhHZRiTcFDqiOpRpd15FVSC3s=,HD0hPRdLg4HeyClToduXz+zhaM4=
2,-6,jXRhHZRiTcFDqiOpRpd15FVSC3s=,vsTSIAP8EDKGURirbdDprfDRDkg=
1,-6,jXRhHZRiTcFDqiOpRpd15FVSC3s=,+8pXyVQYvsdlUzujMHlua+DNFZE=
1,-8,jXRhHZRiTcFDqiOpRpd15FVSC3s=,ojIpccrEPNIJ7NeX9R95tl10+k8=
1,-9,jXRhHZRiTcFDqiOpRpd15FVSC3s=,92W3RstELQBxRYO2WOcI9PGz06A=
4,-9,9fUkTwfunfnhdcuSg1DqAWShUPk=,HIpjQRNgyXvknfdqDxTiie8/dzk=
3,-9,9fUkTwfunfnhdcuSg1DqAWShUPk=,WW/UbXC67WSxObmT2/U5hKoK9ec=
4,-8,PEr23b1TQFC5o/dEMR8a39X9TyY=,pHxmKZXBBxh8HmckpbJimvBd18o=
3,-8,PEr23b1TQFC5o/dEMR8a39X9TyY=,HD0hPRdLg4HeyClToduXz+zhaM4=
6,-9,PEr23b1TQFC5o/dEMR8a39X9TyY=,zcdJO6kUiGkpGUyjpXb7zVKgyw8=
10,-9,PEr23b1TQFC5o/dEMR8a39X9TyY=,LUH+MlzM9r6bGcVyTCl0jpTd7ao=
5,-8,PEr23b1TQFC5o/dEMR8a39X9TyY=,pHxmKZXBBxh8HmckpbJimvBd18o=
8,-8,PEr23b1TQFC5o/dEMR8a39X9TyY=,T+84jsDg3RIZX8gJm2q+c/hm5gU=
8,-9,PEr23b1TQFC5o/dEMR8a39X9TyY=,6lupSxbS5vCt92a6hqhCQkMEdik=
5,-9,PEr23b1TQFC5o/dEMR8a39X9TyY=,HIpjQRNgyXvknfdqDxTiie8/dzk=
9,-8,PEr23b1TQFC5o/dEMR8a39X9TyY=,T+84jsDg3RIZX8gJm2q+c/hm5gU=
7,-9,PEr23b1TQFC5o/dEMR8a39X9TyY=,zcdJO6kUiGkpGUyjpXb7zVKgyw8=
10,-8,PEr23b1TQFC5o/dEMR8a39X9TyY=,EIUmcm47J6Ijh9GjHiu8mDnyrlA=
9,-9,PEr23b1TQFC5o/dEMR8a39X9TyY=,6lupSxbS5vCt92a6hqhCQkMEdik=
6,-8,PEr23b1TQFC5o/dEMR8a39X9TyY=,R8x87dZumNK3o9J2RwrHQ5tl8tA=
7,-8,PEr23b1TQFC5o/dEMR8a39X9TyY=,R8x87dZumNK3o9J2RwrHQ5tl8tA=
8,-7,HWY+VxLzj/0NA2I+cVJH0OrevaU=,T+84jsDg3RIZX8gJm2q+c/hm5gU=
8,-6,HWY+VxLzj/0NA2I+cVJH0OrevaU=,IPX3YVX/GGpDcllW7XeRC2GK9VI=
7,-7,HWY+VxLzj/0NA2I+cVJH0OrevaU=,R8x87dZumNK3o9J2RwrHQ5tl8tA=
7,-6,N1ytQpa6vNtQn21/BGfgAswkoV0=,qxO7qQEkm3o1wOXcjuy9WyehMSg=
8,-5,N1ytQpa6vNtQn21/BGfgAswkoV0=,IPX3YVX/GGpDcllW7XeRC2GK9VI=
7,-5,89Ck5LhMvbowBtmfXdzi6/MN4hs=,qxO7qQEkm3o1wOXcjuy9WyehMSg=
8,-4,89Ck5LhMvbowBtmfXdzi6/MN4hs=,7j8/gfycIy4ZFHI5DyUx5/S9Ggs=
7,-4,89Ck5LhMvbowBtmfXdzi6/MN4hs=,fG0ic9D9zMnsoHCmYvFUjTU2QDA=
8,-3,S3BbDxWcVlRIbpjFujciymg17Hc=,7j8/gfycIy4ZFHI5DyUx5/S9Ggs=
7,-2,S3BbDxWcVlRIbpjFujciymg17Hc=,gcj+NfD5pB9QfCnRNxyzO1TQpDw=
8,-2,S3BbDxWcVlRIbpjFujciymg17Hc=,959HD89Yly7MO7PgnIf3WT/w1y0=
7,-3,S3BbDxWcVlRIbpjFujciymg17Hc=,fG0ic9D9zMnsoHCmYvFUjTU2QDA=
6,-3,S3BbDxWcVlRIbpjFujciymg17Hc=,fG0ic9D9zMnsoHCmYvFUjTU2QDA=
6,-2,S3BbDxWcVlRIbpjFujciymg17Hc=,gcj+NfD5pB9QfCnRNxyzO1TQpDw=
5,-2,S3BbDxWcVlRIbpjFujciymg17Hc=,VueWQv3PTuiuX+JQFBnch7AWT2s=
5,-3,wp4mkDmO4AlVpIZejj+BQYW21rk=,Rh2n/YXjhQxcHZQZOzxDXsieJb0=
4,-7,XDdbJ5BbNLKRx+LAnvnKQWAOyW0=,pHxmKZXBBxh8HmckpbJimvBd18o=
3,-5,XDdbJ5BbNLKRx+LAnvnKQWAOyW0=,vsTSIAP8EDKGURirbdDprfDRDkg=
6,-6,XDdbJ5BbNLKRx+LAnvnKQWAOyW0=,qxO7qQEkm3o1wOXcjuy9WyehMSg=
6,-7,OBdsf5iArl9JweHRZdy/mvv/m/U=,R8x87dZumNK3o9J2RwrHQ5tl8tA=
4,-5,OBdsf5iArl9JweHRZdy/mvv/m/U=,aHbsoVgmqNw7obdoeMSLStP3Ujc=
5,-7,OBdsf5iArl9JweHRZdy/mvv/m/U=,pHxmKZXBBxh8HmckpbJimvBd18o=
4,-6,OBdsf5iArl9JweHRZdy/mvv/m/U=,aHbsoVgmqNw7obdoeMSLStP3Ujc=
6,-5,OBdsf5iArl9JweHRZdy/mvv/m/U=,qxO7qQEkm3o1wOXcjuy9WyehMSg=
4,-4,OBdsf5iArl9JweHRZdy/mvv/m/U=,Rh2n/YXjhQxcHZQZOzxDXsieJb0=
5,-6,OBdsf5iArl9JweHRZdy/mvv/m/U=,aHbsoVgmqNw7obdoeMSLStP3Ujc=
3,-7,lAq3XPezKV7DVN/HxLaP6VvZ4Zs=,HD0hPRdLg4HeyClToduXz+zhaM4=
3,-4,lAq3XPezKV7DVN/HxLaP6VvZ4Zs=,bhe2N3Exc3vLxrIli1OklBEhMSo=
5,-5,lAq3XPezKV7DVN/HxLaP6VvZ4Zs=,aHbsoVgmqNw7obdoeMSLStP3Ujc=
6,-4,lAq3XPezKV7DVN/HxLaP6VvZ4Zs=,fG0ic9D9zMnsoHCmYvFUjTU2QDA=
3,-6,lAq3XPezKV7DVN/HxLaP6VvZ4Zs=,vsTSIAP8EDKGURirbdDprfDRDkg=
5,-4,rzQdzOBcYg2OWRFGdn3PUL43+QI=,Rh2n/YXjhQxcHZQZOzxDXsieJb0=
10,-3,d/QyHRE4guLANeYPPmKon3dzLxk=,ulORH26sFLiLg2j8rx7DRssbGCI=
10,-2,gwmiY3Gza2UTooaU35ZMQoHTXtM=,sZ1GSJAC7kxTSOqlrJh57gAlqi4=
9,-3,gwmiY3Gza2UTooaU35ZMQoHTXtM=,7j8/gfycIy4ZFHI5DyUx5/S9Ggs=
10,-7,gwmiY3Gza2UTooaU35ZMQoHTXtM=,EIUmcm47J6Ijh9GjHiu8mDnyrlA=
9,-2,gwmiY3Gza2UTooaU35ZMQoHTXtM=,959HD89Yly7MO7PgnIf3WT/w1y0=
10,-4,gwmiY3Gza2UTooaU35ZMQoHTXtM=,ulORH26sFLiLg2j8rx7DRssbGCI=
9,-7,gwmiY3Gza2UTooaU35ZMQoHTXtM=,T+84jsDg3RIZX8gJm2q+c/hm5gU=
11,-5,gwmiY3Gza2UTooaU35ZMQoHTXtM=,rmb+bC2QnsCqLhQgyGCriP/n1us=
9,-6,lestniCrDpm44rMFhFKo+sC3brs=,IPX3YVX/GGpDcllW7XeRC2GK9VI=
10,-5,lestniCrDpm44rMFhFKo+sC3brs=,rmb+bC2QnsCqLhQgyGCriP/n1us=
12,-5,lestniCrDpm44rMFhFKo+sC3brs=,1v0krL7S5p3vEDgKAVR+WFFZxgc=
10,-6,lestniCrDpm44rMFhFKo+sC3brs=,rmb+bC2QnsCqLhQgyGCriP/n1us=
9,-5,lestniCrDpm44rMFhFKo+sC3brs=,IPX3YVX/GGpDcllW7XeRC2GK9VI=
11,-4,lestniCrDpm44rMFhFKo+sC3brs=,ulORH26sFLiLg2j8rx7DRssbGCI=
9,-4,lestniCrDpm44rMFhFKo+sC3brs=,7j8/gfycIy4ZFHI5DyUx5/S9Ggs=
12,-4,fgVaydJi4S2qkESF8oY65Ba7bcw=,GR5BNR5hcCgUrAFy4za77Qt/lWA=
12,-6,fgVaydJi4S2qkESF8oY65Ba7bcw=,1v0krL7S5p3vEDgKAVR+WFFZxgc=
12,-7,fgVaydJi4S2qkESF8oY65Ba7bcw=,TNcNQwTxgUKuWF3MTih5rLw1vSo=
11,-7,fgVaydJi4S2qkESF8oY65Ba7bcw=,EIUmcm47J6Ijh9GjHiu8mDnyrlA=
11,-6,fgVaydJi4S2qkESF8oY65Ba7bcw=,rmb+bC2QnsCqLhQgyGCriP/n1us=
11,-3,fgVaydJi4S2qkESF8oY65Ba7bcw=,ulORH26sFLiLg2j8rx7DRssbGCI=
14,-7,YhtL/OJGvp2u3kOKRWy25R0YZHw=,Xfh6toZC8oqAVhaBg1x3oft6vSY=
14,-6,YhtL/OJGvp2u3kOKRWy25R0YZHw=,97gxLWsxDqIo/udfSbeNWQbs4a8=
12,-2,YhtL/OJGvp2u3kOKRWy25R0YZHw=,ahvRvw/CqUAqapm4B7mP6Rz51Hk=
12,-3,YhtL/OJGvp2u3kOKRWy25R0YZHw=,GR5BNR5hcCgUrAFy4za77Qt/lWA=
13,-7,YhtL/OJGvp2u3kOKRWy25R0YZHw=,TNcNQwTxgUKuWF3MTih5rLw1vSo=
11,-2,YhtL/OJGvp2u3kOKRWy25R0YZHw=,sZ1GSJAC7kxTSOqlrJh57gAlqi4=
13,-6,YhtL/OJGvp2u3kOKRWy25R0YZHw=,1v0krL7S5p3vEDgKAVR+WFFZxgc=
14,-9,YhtL/OJGvp2u3kOKRWy25R0YZHw=,MO4GgBAO9XbhsE37NvAmUAb9YvI=
14,-8,YhtL/OJGvp2u3kOKRWy25R0YZHw=,Xfh6toZC8oqAVhaBg1x3oft6vSY=
11,-9,YhtL/OJGvp2u3kOKRWy25R0YZHw=,LUH+MlzM9r6bGcVyTCl0jpTd7ao=
12,-9,YhtL/OJGvp2u3kOKRWy25R0YZHw=,YQ1EFItQKQjbFa0W9N6416hMc78=
11,-8,YhtL/OJGvp2u3kOKRWy25R0YZHw=,EIUmcm47J6Ijh9GjHiu8mDnyrlA=
12,-8,YhtL/OJGvp2u3kOKRWy25R0YZHw=,TNcNQwTxgUKuWF3MTih5rLw1vSo=
13,-8,YhtL/OJGvp2u3kOKRWy25R0YZHw=,TNcNQwTxgUKuWF3MTih5rLw1vSo=
13,-9,gAhqQS2pTQjb7TveR3QoyYtdxxw=,YQ1EFItQKQjbFa0W9N6416hMc78=
11,-10,gAhqQS2pTQjb7TveR3QoyYtdxxw=,LUH+MlzM9r6bGcVyTCl0jpTd7ao=
11,-11,gAhqQS2pTQjb7TveR3QoyYtdxxw=,WUvY0x9BuWXqz/UiN0bGTVsy9pc=
12,-10,gAhqQS2pTQjb7TveR3QoyYtdxxw=,YQ1EFItQKQjbFa0W9N6416hMc78=
12,-11,gAhqQS2pTQjb7TveR3QoyYtdxxw=,m+I4oD9VVbSkDxklOKKLFRsS2x4=
14,-5,gAhqQS2pTQjb7TveR3QoyYtdxxw=,97gxLWsxDqIo/udfSbeNWQbs4a8=
13,-5,gAhqQS2pTQjb7TveR3QoyYtdxxw=,1v0krL7S5p3vEDgKAVR+WFFZxgc=
13,-4,HXNoLI81nqa7n1WRLSRRBGS2jJE=,GR5BNR5hcCgUrAFy4za77Qt/lWA=
11,-12,HXNoLI81nqa7n1WRLSRRBGS2jJE=,WUvY0x9BuWXqz/UiN0bGTVsy9pc=
11,-13,HXNoLI81nqa7n1WRLSRRBGS2jJE=,zs1cvlYWQQEMEG+OOsisV5PFcys=
12,-13,HXNoLI81nqa7n1WRLSRRBGS2jJE=,2yJLi0JhywTRqktyFCprqpolydU=
12,-12,HXNoLI81nqa7n1WRLSRRBGS2jJE=,m+I4oD9VVbSkDxklOKKLFRsS2x4=
9,-14,HtIr9kqrYtqflyjEc3jGfFEavKs=,OgQXukP7HEK3VruX7/WneCnoK10=
10,-14,HtIr9kqrYtqflyjEc3jGfFEavKs=,zs1cvlYWQQEMEG+OOsisV5PFcys=
10,-15,HtIr9kqrYtqflyjEc3jGfFEavKs=,83rEAsqrKlxACBDF8M4d+gSYsoU=
14,-4,HtIr9kqrYtqflyjEc3jGfFEavKs=,V0OWF55EZ90nU3ivtGSCGHytPAI=
9,-15,HtIr9kqrYtqflyjEc3jGfFEavKs=,9Mj/mt2xGEY6Zsc6c++Tae/Xtsc=
13,-2,HtIr9kqrYtqflyjEc3jGfFEavKs=,ahvRvw/CqUAqapm4B7mP6Rz51Hk=
14,-3,HtIr9kqrYtqflyjEc3jGfFEavKs=,V0OWF55EZ90nU3ivtGSCGHytPAI=
14,-2,HtIr9kqrYtqflyjEc3jGfFEavKs=,cgii83UhMSV4sm9U2xpp8JI9pmA=
13,-3,HtIr9kqrYtqflyjEc3jGfFEavKs=,GR5BNR5hcCgUrAFy4za77Qt/lWA=
11,-14,ilO4fdB3PyyvQqbqGmwbzPre83c=,zs1cvlYWQQEMEG+OOsisV5PFcys=
12,-14,ilO4fdB3PyyvQqbqGmwbzPre83c=,2yJLi0JhywTRqktyFCprqpolydU=
11,-15,ilO4fdB3PyyvQqbqGmwbzPre83c=,83rEAsqrKlxACBDF8M4d+gSYsoU=
12,-15,ilO4fdB3PyyvQqbqGmwbzPre83c=,Z165DH6cCRUQDYHZMFoYMAGA4TY=
5,-14,JWEfaKhbmEwN02OERlQgm6KZh9g=,Q8KPeAFEmyoBb9ViiRW/Zh1U4w0=
5,-15,JWEfaKhbmEwN02OERlQgm6KZh9g=,y9mCGc8HwkS/KifRv/fS7D0aWGM=
8,-15,JWEfaKhbmEwN02OERlQgm6KZh9g=,9Mj/mt2xGEY6Zsc6c++Tae/Xtsc=
6,-15,JWEfaKhbmEwN02OERlQgm6KZh9g=,Ob38SYZfr0kSBAxgq0Avl+FAsqI=
6,-14,JWEfaKhbmEwN02OERlQgm6KZh9g=,6sbcqL58UlrZQ50OcMat5AqGN6U=
8,-14,JWEfaKhbmEwN02OERlQgm6KZh9g=,OgQXukP7HEK3VruX7/WneCnoK10=
4,-13,JWEfaKhbmEwN02OERlQgm6KZh9g=,Q8KPeAFEmyoBb9ViiRW/Zh1U4w0=
4,-12,JWEfaKhbmEwN02OERlQgm6KZh9g=,feoM5bw735s/00trGEnPN6eaWdw=
3,-12,JWEfaKhbmEwN02OERlQgm6KZh9g=,MNVbfM7gpupa2jr4Jt0qmmJitMw=
4,-11,JWEfaKhbmEwN02OERlQgm6KZh9g=,feoM5bw735s/00trGEnPN6eaWdw=
10,-13,JWEfaKhbmEwN02OERlQgm6KZh9g=,zs1cvlYWQQEMEG+OOsisV5PFcys=
3,-11,JWEfaKhbmEwN02OERlQgm6KZh9g=,MNVbfM7gpupa2jr4Jt0qmmJitMw=
10,-10,JWEfaKhbmEwN02OERlQgm6KZh9g=,LUH+MlzM9r6bGcVyTCl0jpTd7ao=
10,-11,JWEfaKhbmEwN02OERlQgm6KZh9g=,WUvY0x9BuWXqz/UiN0bGTVsy9pc=
7,-15,JWEfaKhbmEwN02OERlQgm6KZh9g=,Ob38SYZfr0kSBAxgq0Avl+FAsqI=
9,-10,JWEfaKhbmEwN02OERlQgm6KZh9g=,6lupSxbS5vCt92a6hqhCQkMEdik=
7,-14,JWEfaKhbmEwN02OERlQgm6KZh9g=,6sbcqL58UlrZQ50OcMat5AqGN6U=
5,-13,JWEfaKhbmEwN02OERlQgm6KZh9g=,Q8KPeAFEmyoBb9ViiRW/Zh1U4w0=
10,-12,JWEfaKhbmEwN02OERlQgm6KZh9g=,WUvY0x9BuWXqz/UiN0bGTVsy9pc=
3,-10,JWEfaKhbmEwN02OERlQgm6KZh9g=,WW/UbXC67WSxObmT2/U5hKoK9ec=
4,-10,JWEfaKhbmEwN02OERlQgm6KZh9g=,HIpjQRNgyXvknfdqDxTiie8/dzk=
9,-11,JWEfaKhbmEwN02OERlQgm6KZh9g=,rg+Wo8nZWn10ADd4fYYgKD+haio=
5,-12,JWEfaKhbmEwN02OERlQgm6KZh9g=,feoM5bw735s/00trGEnPN6eaWdw=
9,-12,bnUoDvSguN7HsaGkZNcIWipKUCo=,rg+Wo8nZWn10ADd4fYYgKD+haio=
9,-13,bnUoDvSguN7HsaGkZNcIWipKUCo=,OgQXukP7HEK3VruX7/WneCnoK10=
7,-11,bnUoDvSguN7HsaGkZNcIWipKUCo=,Kb4M8xBkQzk+GJix0oYmUQZ1BLQ=
5,-11,bnUoDvSguN7HsaGkZNcIWipKUCo=,feoM5bw735s/00trGEnPN6eaWdw=
8,-11,bnUoDvSguN7HsaGkZNcIWipKUCo=,rg+Wo8nZWn10ADd4fYYgKD+haio=
8,-10,bnUoDvSguN7HsaGkZNcIWipKUCo=,6lupSxbS5vCt92a6hqhCQkMEdik=
8,-12,bnUoDvSguN7HsaGkZNcIWipKUCo=,rg+Wo8nZWn10ADd4fYYgKD+haio=
7,-10,bnUoDvSguN7HsaGkZNcIWipKUCo=,zcdJO6kUiGkpGUyjpXb7zVKgyw8=
8,-13,bnUoDvSguN7HsaGkZNcIWipKUCo=,OgQXukP7HEK3VruX7/WneCnoK10=
7,-13,bnUoDvSguN7HsaGkZNcIWipKUCo=,6sbcqL58UlrZQ50OcMat5AqGN6U=
6,-11,bnUoDvSguN7HsaGkZNcIWipKUCo=,Kb4M8xBkQzk+GJix0oYmUQZ1BLQ=
7,-12,bnUoDvSguN7HsaGkZNcIWipKUCo=,Kb4M8xBkQzk+GJix0oYmUQZ1BLQ=
6,-12,bnUoDvSguN7HsaGkZNcIWipKUCo=,Kb4M8xBkQzk+GJix0oYmUQZ1BLQ=
4,-14,wE31I3DFiV2nl4H7zxEuvHM3Fxs=,Q8KPeAFEmyoBb9ViiRW/Zh1U4w0=
4,-15,wE31I3DFiV2nl4H7zxEuvHM3Fxs=,y9mCGc8HwkS/KifRv/fS7D0aWGM=
5,-10,wE31I3DFiV2nl4H7zxEuvHM3Fxs=,HIpjQRNgyXvknfdqDxTiie8/dzk=
6,-10,wE31I3DFiV2nl4H7zxEuvHM3Fxs=,zcdJO6kUiGkpGUyjpXb7zVKgyw8=
1,-11,wE31I3DFiV2nl4H7zxEuvHM3Fxs=,TRWFjQ9OuAItdOIx1rfDzt2SVy0=
2,-11,wE31I3DFiV2nl4H7zxEuvHM3Fxs=,MNVbfM7gpupa2jr4Jt0qmmJitMw=
6,-13,wE31I3DFiV2nl4H7zxEuvHM3Fxs=,6sbcqL58UlrZQ50OcMat5AqGN6U=
1,-10,wE31I3DFiV2nl4H7zxEuvHM3Fxs=,92W3RstELQBxRYO2WOcI9PGz06A=
2,-12,wE31I3DFiV2nl4H7zxEuvHM3Fxs=,MNVbfM7gpupa2jr4Jt0qmmJitMw=
1,-15,wE31I3DFiV2nl4H7zxEuvHM3Fxs=,8Hwq+5AWM6CdtXQqSHUg7xqd6HQ=
1,-14,wE31I3DFiV2nl4H7zxEuvHM3Fxs=,CZ/785mUlqgW6+BdQ2bfM26YEQs=
1,-16,wE31I3DFiV2nl4H7zxEuvHM3Fxs=,8Hwq+5AWM6CdtXQqSHUg7xqd6HQ=
4,-16,wE31I3DFiV2nl4H7zxEuvHM3Fxs=,y9mCGc8HwkS/KifRv/fS7D0aWGM=
1,-12,wE31I3DFiV2nl4H7zxEuvHM3Fxs=,TRWFjQ9OuAItdOIx1rfDzt2SVy0=
1,-13,wE31I3DFiV2nl4H7zxEuvHM3Fxs=,CZ/785mUlqgW6+BdQ2bfM26YEQs=
9,-16,wE31I3DFiV2nl4H7zxEuvHM3Fxs=,9Mj/mt2xGEY6Zsc6c++Tae/Xtsc=
10,-16,wE31I3DFiV2nl4H7zxEuvHM3Fxs=,83rEAsqrKlxACBDF8M4d+gSYsoU=
0,-16,wE31I3DFiV2nl4H7zxEuvHM3Fxs=,8Hwq+5AWM6CdtXQqSHUg7xqd6HQ=
2,-10,wE31I3DFiV2nl4H7zxEuvHM3Fxs=,WW/UbXC67WSxObmT2/U5hKoK9ec=
5,-16,wE31I3DFiV2nl4H7zxEuvHM3Fxs=,y9mCGc8HwkS/KifRv/fS7D0aWGM=
8,-16,wE31I3DFiV2nl4H7zxEuvHM3Fxs=,9Mj/mt2xGEY6Zsc6c++Tae/Xtsc=
6,-16,wE31I3DFiV2nl4H7zxEuvHM3Fxs=,Ob38SYZfr0kSBAxgq0Avl+FAsqI=
0,-15,wE31I3DFiV2nl4H7zxEuvHM3Fxs=,8Hwq+5AWM6CdtXQqSHUg7xqd6HQ=
7,-16,zha9ykQRIo4Q/0fdVA6vMX9YpEI=,Ob38SYZfr0kSBAxgq0Avl+FAsqI=
0,-14,zha9ykQRIo4Q/0fdVA6vMX9YpEI=,CZ/785mUlqgW6+BdQ2bfM26YEQs=
0,-12,zha9ykQRIo4Q/0fdVA6vMX9YpEI=,TRWFjQ9OuAItdOIx1rfDzt2SVy0=
15,-15,zha9ykQRIo4Q/0fdVA6vMX9YpEI=,VdZIYd7vcIryZ9EQ7IF3u6NZN5c=
14,-15,zha9ykQRIo4Q/0fdVA6vMX9YpEI=,VdZIYd7vcIryZ9EQ7IF3u6NZN5c=
0,-13,zha9ykQRIo4Q/0fdVA6vMX9YpEI=,CZ/785mUlqgW6+BdQ2bfM26YEQs=
13,-14,zha9ykQRIo4Q/0fdVA6vMX9YpEI=,2yJLi0JhywTRqktyFCprqpolydU=
13,-15,zha9ykQRIo4Q/0fdVA6vMX9YpEI=,Z165DH6cCRUQDYHZMFoYMAGA4TY=
15,-16,zha9ykQRIo4Q/0fdVA6vMX9YpEI=,VdZIYd7vcIryZ9EQ7IF3u6NZN5c=
11,-16,zha9ykQRIo4Q/0fdVA6vMX9YpEI=,83rEAsqrKlxACBDF8M4d+gSYsoU=
12,-16,zha9ykQRIo4Q/0fdVA6vMX9YpEI=,Z165DH6cCRUQDYHZMFoYMAGA4TY=
14,-16,i/DIetI6hiWneiDZWbw+2ztEgSA=,VdZIYd7vcIryZ9EQ7IF3u6NZN5c=
13,-16,i/DIetI6hiWneiDZWbw+2ztEgSA=,Z165DH6cCRUQDYHZMFoYMAGA4TY=
0,-11,i/DIetI6hiWneiDZWbw+2ztEgSA=,TRWFjQ9OuAItdOIx1rfDzt2SVy0=
0,-10,i/DIetI6hiWneiDZWbw+2ztEgSA=,92W3RstELQBxRYO2WOcI9PGz06A=
0,-5,ZUwFcmrbMe6TSnUqIZKKno0PcbA=,+8pXyVQYvsdlUzujMHlua+DNFZE=
0,-4,ZUwFcmrbMe6TSnUqIZKKno0PcbA=,QaWOz4mQlSi5ycVL9arzA22QNUQ=
0,-3,ZUwFcmrbMe6TSnUqIZKKno0PcbA=,QaWOz4mQlSi5ycVL9arzA22QNUQ=
0,-9,ZUwFcmrbMe6TSnUqIZKKno0PcbA=,92W3RstELQBxRYO2WOcI9PGz06A=
0,-6,ZUwFcmrbMe6TSnUqIZKKno0PcbA=,+8pXyVQYvsdlUzujMHlua+DNFZE=
0,-8,ZUwFcmrbMe6TSnUqIZKKno0PcbA=,ojIpccrEPNIJ7NeX9R95tl10+k8=
0,-2,ZUwFcmrbMe6TSnUqIZKKno0PcbA=,MdviQuIguJMPzdqEllas6C7N6DA=
0,-7,ZUwFcmrbMe6TSnUqIZKKno0PcbA=,ojIpccrEPNIJ7NeX9R95tl10+k8=
2,-1,w7daHyPq1DQblNlPfmYN27RZ7RY=,5jEx9gyQGxMa3ULoToV6hHffPSI=
3,-1,iIiPJLAHoO0LZJEPK/DZ18KagsI=,5jEx9gyQGxMa3ULoToV6hHffPSI=
4,-1,iIiPJLAHoO0LZJEPK/DZ18KagsI=,VueWQv3PTuiuX+JQFBnch7AWT2s=
6,-1,iIiPJLAHoO0LZJEPK/DZ18KagsI=,gcj+NfD5pB9QfCnRNxyzO1TQpDw=
1,-1,iIiPJLAHoO0LZJEPK/DZ18KagsI=,MdviQuIguJMPzdqEllas6C7N6DA=
5,-1,iIiPJLAHoO0LZJEPK/DZ18KagsI=,VueWQv3PTuiuX+JQFBnch7AWT2s=
13,-1,iIiPJLAHoO0LZJEPK/DZ18KagsI=,ahvRvw/CqUAqapm4B7mP6Rz51Hk=
15,-5,iIiPJLAHoO0LZJEPK/DZ18KagsI=,97gxLWsxDqIo/udfSbeNWQbs4a8=
14,-1,3LX44nh6IlYsIozGBhhTiAcX9ug=,cgii83UhMSV4sm9U2xpp8JI9pmA=
8,-1,3LX44nh6IlYsIozGBhhTiAcX9ug=,959HD89Yly7MO7PgnIf3WT/w1y0=
12,-1,3LX44nh6IlYsIozGBhhTiAcX9ug=,ahvRvw/CqUAqapm4B7mP6Rz51Hk=
7,-1,3LX44nh6IlYsIozGBhhTiAcX9ug=,gcj+NfD5pB9QfCnRNxyzO1TQpDw=
10,-1,3LX44nh6IlYsIozGBhhTiAcX9ug=,sZ1GSJAC7kxTSOqlrJh57gAlqi4=
11,-1,3LX44nh6IlYsIozGBhhTiAcX9ug=,sZ1GSJAC7kxTSOqlrJh57gAlqi4=
9,-1,3LX44nh6IlYsIozGBhhTiAcX9ug=,959HD89Yly7MO7PgnIf3WT/w1y0=
14,-12,XZsOOBn29AWRRusWNgwXRbIRX5o=,2EgvkSg4rQ55Hx2fwEUX4uOKIzU=
15,-12,XZsOOBn29AWRRusWNgwXRbIRX5o=,2EgvkSg4rQ55Hx2fwEUX4uOKIzU=
15,-10,XZsOOBn29AWRRusWNgwXRbIRX5o=,MO4GgBAO9XbhsE37NvAmUAb9YvI=
14,-10,XZsOOBn29AWRRusWNgwXRbIRX5o=,MO4GgBAO9XbhsE37NvAmUAb9YvI=
15,-9,XZsOOBn29AWRRusWNgwXRbIRX5o=,MO4GgBAO9XbhsE37NvAmUAb9YvI=
15,-6,XZsOOBn29AWRRusWNgwXRbIRX5o=,97gxLWsxDqIo/udfSbeNWQbs4a8=
13,-13,XZsOOBn29AWRRusWNgwXRbIRX5o=,2yJLi0JhywTRqktyFCprqpolydU=
14,-11,XZsOOBn29AWRRusWNgwXRbIRX5o=,2EgvkSg4rQ55Hx2fwEUX4uOKIzU=
15,-11,XZsOOBn29AWRRusWNgwXRbIRX5o=,2EgvkSg4rQ55Hx2fwEUX4uOKIzU=
13,-12,XZsOOBn29AWRRusWNgwXRbIRX5o=,m+I4oD9VVbSkDxklOKKLFRsS2x4=
13,-10,XZsOOBn29AWRRusWNgwXRbIRX5o=,YQ1EFItQKQjbFa0W9N6416hMc78=
15,-4,XZsOOBn29AWRRusWNgwXRbIRX5o=,V0OWF55EZ90nU3ivtGSCGHytPAI=
15,-1,XZsOOBn29AWRRusWNgwXRbIRX5o=,cgii83UhMSV4sm9U2xpp8JI9pmA=
13,-11,XZsOOBn29AWRRusWNgwXRbIRX5o=,m+I4oD9VVbSkDxklOKKLFRsS2x4=
15,-8,XZsOOBn29AWRRusWNgwXRbIRX5o=,Xfh6toZC8oqAVhaBg1x3oft6vSY=
15,-7,XZsOOBn29AWRRusWNgwXRbIRX5o=,Xfh6toZC8oqAVhaBg1x3oft6vSY=
15,-2,XZsOOBn29AWRRusWNgwXRbIRX5o=,cgii83UhMSV4sm9U2xpp8JI9pmA=
15,-3,XZsOOBn29AWRRusWNgwXRbIRX5o=,V0OWF55EZ90nU3ivtGSCGHytPAI=
0,-1,6TPgbqb+NEihNln63f40lhIJI4Q=,MdviQuIguJMPzdqEllas6C7N6DA=
